[0.115s] colcon DEBUG Command line arguments: ['/usr/bin/colcon', 'build', '--symlink-install']
[0.115s] colcon DEBUG Parsed command line arguments: Namespace(log_base=None, log_level=None, verb_name='build', build_base='build', install_base='install', merge_install=False, symlink_install=True, test_result_base=None, continue_on_error=False, executor='parallel', parallel_workers=20, event_handlers=None, ignore_user_meta=False, metas=['./colcon.meta'], base_paths=['.'], packages_ignore=None, packages_ignore_regex=None, paths=None, packages_up_to=None, packages_up_to_regex=None, packages_above=None, packages_above_and_dependencies=None, packages_above_depth=None, packages_select_by_dep=None, packages_skip_by_dep=None, packages_skip_up_to=None, packages_select_build_failed=False, packages_skip_build_finished=False, packages_select_test_failures=False, packages_skip_test_passed=False, packages_select=None, packages_skip=None, packages_select_regex=None, packages_skip_regex=None, packages_start=None, packages_end=None, allow_overriding=[], cmake_args=None, cmake_target=None, cmake_target_skip_unavailable=False, cmake_clean_cache=False, cmake_clean_first=False, cmake_force_configure=False, ament_cmake_args=None, catkin_cmake_args=None, catkin_skip_building_tests=False, verb_parser=<colcon_defaults.argument_parser.defaults.DefaultArgumentsDecorator object at 0x7da96eb2c490>, verb_extension=<colcon_core.verb.build.BuildVerb object at 0x7da96ec2df00>, main=<bound method BuildVerb.main of <colcon_core.verb.build.BuildVerb object at 0x7da96ec2df00>>)
[0.314s] colcon.colcon_core.package_discovery Level 1 discover_packages(colcon_meta) check parameters
[0.315s] colcon.colcon_core.package_discovery Level 1 discover_packages(recursive) check parameters
[0.315s] colcon.colcon_core.package_discovery Level 1 discover_packages(ignore) check parameters
[0.315s] colcon.colcon_core.package_discovery Level 1 discover_packages(path) check parameters
[0.315s] colcon.colcon_core.package_discovery Level 1 discover_packages(colcon_meta) discover
[0.315s] colcon.colcon_core.package_discovery Level 1 discover_packages(recursive) discover
[0.315s] colcon.colcon_core.package_discovery INFO Crawling recursively for packages in '/home/ubuntu/lhj_behavior_stage'
[0.315s] colcon.colcon_core.package_identification Level 1 _identify(.) by extensions ['ignore', 'ignore_ament_install']
[0.315s] colcon.colcon_core.package_identification Level 1 _identify(.) by extension 'ignore'
[0.315s] colcon.colcon_core.package_identification Level 1 _identify(.) by extension 'ignore_ament_install'
[0.315s] colcon.colcon_core.package_identification Level 1 _identify(.) by extensions ['colcon_pkg']
[0.315s] colcon.colcon_core.package_identification Level 1 _identify(.) by extension 'colcon_pkg'
[0.315s] colcon.colcon_core.package_identification Level 1 _identify(.) by extensions ['colcon_meta']
[0.315s] colcon.colcon_core.package_identification Level 1 _identify(.) by extension 'colcon_meta'
[0.315s] colcon.colcon_core.package_identification Level 1 _identify(.) by extensions ['ros']
[0.315s] colcon.colcon_core.package_identification Level 1 _identify(.) by extension 'ros'
[0.338s] colcon.colcon_core.package_identification Level 1 _identify(.) by extensions ['cmake', 'python']
[0.338s] colcon.colcon_core.package_identification Level 1 _identify(.) by extension 'cmake'
[0.338s] colcon.colcon_core.package_identification Level 1 _identify(.) by extension 'python'
[0.338s] colcon.colcon_core.package_identification Level 1 _identify(.) by extensions ['python_setup_py']
[0.338s] colcon.colcon_core.package_identification Level 1 _identify(.) by extension 'python_setup_py'
[0.338s] colcon.colcon_core.package_identification Level 1 _identify(build) by extensions ['ignore', 'ignore_ament_install']
[0.338s] colcon.colcon_core.package_identification Level 1 _identify(build) by extension 'ignore'
[0.339s] colcon.colcon_core.package_identification Level 1 _identify(build) ignored
[0.339s] colcon.colcon_core.package_identification Level 1 _identify(docs) by extensions ['ignore', 'ignore_ament_install']
[0.339s] colcon.colcon_core.package_identification Level 1 _identify(docs) by extension 'ignore'
[0.339s] colcon.colcon_core.package_identification Level 1 _identify(docs) by extension 'ignore_ament_install'
[0.339s] colcon.colcon_core.package_identification Level 1 _identify(docs) by extensions ['colcon_pkg']
[0.339s] colcon.colcon_core.package_identification Level 1 _identify(docs) by extension 'colcon_pkg'
[0.339s] colcon.colcon_core.package_identification Level 1 _identify(docs) by extensions ['colcon_meta']
[0.339s] colcon.colcon_core.package_identification Level 1 _identify(docs) by extension 'colcon_meta'
[0.339s] colcon.colcon_core.package_identification Level 1 _identify(docs) by extensions ['ros']
[0.339s] colcon.colcon_core.package_identification Level 1 _identify(docs) by extension 'ros'
[0.339s] colcon.colcon_core.package_identification Level 1 _identify(docs) by extensions ['cmake', 'python']
[0.339s] colcon.colcon_core.package_identification Level 1 _identify(docs) by extension 'cmake'
[0.339s] colcon.colcon_core.package_identification Level 1 _identify(docs) by extension 'python'
[0.339s] colcon.colcon_core.package_identification Level 1 _identify(docs) by extensions ['python_setup_py']
[0.339s] colcon.colcon_core.package_identification Level 1 _identify(docs) by extension 'python_setup_py'
[0.340s] colcon.colcon_core.package_identification Level 1 _identify(install) by extensions ['ignore', 'ignore_ament_install']
[0.340s] colcon.colcon_core.package_identification Level 1 _identify(install) by extension 'ignore'
[0.340s] colcon.colcon_core.package_identification Level 1 _identify(install) ignored
[0.340s] colcon.colcon_core.package_identification Level 1 _identify(log) by extensions ['ignore', 'ignore_ament_install']
[0.340s] colcon.colcon_core.package_identification Level 1 _identify(log) by extension 'ignore'
[0.340s] colcon.colcon_core.package_identification Level 1 _identify(log) ignored
[0.340s] colcon.colcon_core.package_identification Level 1 _identify(src) by extensions ['ignore', 'ignore_ament_install']
[0.340s] colcon.colcon_core.package_identification Level 1 _identify(src) by extension 'ignore'
[0.340s] colcon.colcon_core.package_identification Level 1 _identify(src) by extension 'ignore_ament_install'
[0.340s] colcon.colcon_core.package_identification Level 1 _identify(src) by extensions ['colcon_pkg']
[0.340s] colcon.colcon_core.package_identification Level 1 _identify(src) by extension 'colcon_pkg'
[0.340s] colcon.colcon_core.package_identification Level 1 _identify(src) by extensions ['colcon_meta']
[0.340s] colcon.colcon_core.package_identification Level 1 _identify(src) by extension 'colcon_meta'
[0.340s] colcon.colcon_core.package_identification Level 1 _identify(src) by extensions ['ros']
[0.340s] colcon.colcon_core.package_identification Level 1 _identify(src) by extension 'ros'
[0.340s] colcon.colcon_core.package_identification Level 1 _identify(src) by extensions ['cmake', 'python']
[0.340s] colcon.colcon_core.package_identification Level 1 _identify(src) by extension 'cmake'
[0.340s] colcon.colcon_core.package_identification Level 1 _identify(src) by extension 'python'
[0.340s] colcon.colcon_core.package_identification Level 1 _identify(src) by extensions ['python_setup_py']
[0.341s] colcon.colcon_core.package_identification Level 1 _identify(src) by extension 'python_setup_py'
[0.341s] colcon.colcon_core.package_identification Level 1 _identify(src/behavior_stack_bringup) by extensions ['ignore', 'ignore_ament_install']
[0.341s] colcon.colcon_core.package_identification Level 1 _identify(src/behavior_stack_bringup) by extension 'ignore'
[0.341s] colcon.colcon_core.package_identification Level 1 _identify(src/behavior_stack_bringup) by extension 'ignore_ament_install'
[0.341s] colcon.colcon_core.package_identification Level 1 _identify(src/behavior_stack_bringup) by extensions ['colcon_pkg']
[0.341s] colcon.colcon_core.package_identification Level 1 _identify(src/behavior_stack_bringup) by extension 'colcon_pkg'
[0.341s] colcon.colcon_core.package_identification Level 1 _identify(src/behavior_stack_bringup) by extensions ['colcon_meta']
[0.341s] colcon.colcon_core.package_identification Level 1 _identify(src/behavior_stack_bringup) by extension 'colcon_meta'
[0.341s] colcon.colcon_core.package_identification Level 1 _identify(src/behavior_stack_bringup) by extensions ['ros']
[0.341s] colcon.colcon_core.package_identification Level 1 _identify(src/behavior_stack_bringup) by extension 'ros'
[0.344s] colcon.colcon_core.package_identification DEBUG Package 'src/behavior_stack_bringup' with type 'ros.ament_cmake' and name 'behavior_stack_bringup'
[0.344s] colcon.colcon_core.package_identification Level 1 _identify(src/control) by extensions ['ignore', 'ignore_ament_install']
[0.344s] colcon.colcon_core.package_identification Level 1 _identify(src/control) by extension 'ignore'
[0.344s] colcon.colcon_core.package_identification Level 1 _identify(src/control) by extension 'ignore_ament_install'
[0.344s] colcon.colcon_core.package_identification Level 1 _identify(src/control) by extensions ['colcon_pkg']
[0.344s] colcon.colcon_core.package_identification Level 1 _identify(src/control) by extension 'colcon_pkg'
[0.344s] colcon.colcon_core.package_identification Level 1 _identify(src/control) by extensions ['colcon_meta']
[0.344s] colcon.colcon_core.package_identification Level 1 _identify(src/control) by extension 'colcon_meta'
[0.344s] colcon.colcon_core.package_identification Level 1 _identify(src/control) by extensions ['ros']
[0.344s] colcon.colcon_core.package_identification Level 1 _identify(src/control) by extension 'ros'
[0.345s] colcon.colcon_core.package_identification DEBUG Package 'src/control' with type 'ros.ament_cmake' and name 'control'
[0.345s] colcon.colcon_core.package_identification Level 1 _identify(src/convertcs) by extensions ['ignore', 'ignore_ament_install']
[0.345s] colcon.colcon_core.package_identification Level 1 _identify(src/convertcs) by extension 'ignore'
[0.345s] colcon.colcon_core.package_identification Level 1 _identify(src/convertcs) by extension 'ignore_ament_install'
[0.345s] colcon.colcon_core.package_identification Level 1 _identify(src/convertcs) by extensions ['colcon_pkg']
[0.345s] colcon.colcon_core.package_identification Level 1 _identify(src/convertcs) by extension 'colcon_pkg'
[0.345s] colcon.colcon_core.package_identification Level 1 _identify(src/convertcs) by extensions ['colcon_meta']
[0.345s] colcon.colcon_core.package_identification Level 1 _identify(src/convertcs) by extension 'colcon_meta'
[0.345s] colcon.colcon_core.package_identification Level 1 _identify(src/convertcs) by extensions ['ros']
[0.345s] colcon.colcon_core.package_identification Level 1 _identify(src/convertcs) by extension 'ros'
[0.346s] colcon.colcon_core.package_identification DEBUG Package 'src/convertcs' with type 'ros.ament_cmake' and name 'kroad_planning_utm_pkg'
[0.346s] colcon.colcon_core.package_identification Level 1 _identify(src/erp42pro_interface) by extensions ['ignore', 'ignore_ament_install']
[0.346s] colcon.colcon_core.package_identification Level 1 _identify(src/erp42pro_interface) by extension 'ignore'
[0.346s] colcon.colcon_core.package_identification Level 1 _identify(src/erp42pro_interface) by extension 'ignore_ament_install'
[0.346s] colcon.colcon_core.package_identification Level 1 _identify(src/erp42pro_interface) by extensions ['colcon_pkg']
[0.347s] colcon.colcon_core.package_identification Level 1 _identify(src/erp42pro_interface) by extension 'colcon_pkg'
[0.347s] colcon.colcon_core.package_identification Level 1 _identify(src/erp42pro_interface) by extensions ['colcon_meta']
[0.347s] colcon.colcon_core.package_identification Level 1 _identify(src/erp42pro_interface) by extension 'colcon_meta'
[0.347s] colcon.colcon_core.package_identification Level 1 _identify(src/erp42pro_interface) by extensions ['ros']
[0.347s] colcon.colcon_core.package_identification Level 1 _identify(src/erp42pro_interface) by extension 'ros'
[0.347s] colcon.colcon_core.package_identification DEBUG Package 'src/erp42pro_interface' with type 'ros.ament_python' and name 'erp42pro_interface'
[0.347s] colcon.colcon_core.package_identification Level 1 _identify(src/erp_ros2_bridge) by extensions ['ignore', 'ignore_ament_install']
[0.347s] colcon.colcon_core.package_identification Level 1 _identify(src/erp_ros2_bridge) by extension 'ignore'
[0.347s] colcon.colcon_core.package_identification Level 1 _identify(src/erp_ros2_bridge) by extension 'ignore_ament_install'
[0.348s] colcon.colcon_core.package_identification Level 1 _identify(src/erp_ros2_bridge) by extensions ['colcon_pkg']
[0.348s] colcon.colcon_core.package_identification Level 1 _identify(src/erp_ros2_bridge) by extension 'colcon_pkg'
[0.348s] colcon.colcon_core.package_identification Level 1 _identify(src/erp_ros2_bridge) by extensions ['colcon_meta']
[0.348s] colcon.colcon_core.package_identification Level 1 _identify(src/erp_ros2_bridge) by extension 'colcon_meta'
[0.348s] colcon.colcon_core.package_identification Level 1 _identify(src/erp_ros2_bridge) by extensions ['ros']
[0.348s] colcon.colcon_core.package_identification Level 1 _identify(src/erp_ros2_bridge) by extension 'ros'
[0.348s] colcon.colcon_core.package_identification DEBUG Package 'src/erp_ros2_bridge' with type 'ros.ament_python' and name 'erp_ros2_bridge'
[0.348s] colcon.colcon_core.package_identification Level 1 _identify(src/lidar) by extensions ['ignore', 'ignore_ament_install']
[0.348s] colcon.colcon_core.package_identification Level 1 _identify(src/lidar) by extension 'ignore'
[0.349s] colcon.colcon_core.package_identification Level 1 _identify(src/lidar) by extension 'ignore_ament_install'
[0.349s] colcon.colcon_core.package_identification Level 1 _identify(src/lidar) by extensions ['colcon_pkg']
[0.349s] colcon.colcon_core.package_identification Level 1 _identify(src/lidar) by extension 'colcon_pkg'
[0.349s] colcon.colcon_core.package_identification Level 1 _identify(src/lidar) by extensions ['colcon_meta']
[0.349s] colcon.colcon_core.package_identification Level 1 _identify(src/lidar) by extension 'colcon_meta'
[0.349s] colcon.colcon_core.package_identification Level 1 _identify(src/lidar) by extensions ['ros']
[0.349s] colcon.colcon_core.package_identification Level 1 _identify(src/lidar) by extension 'ros'
[0.350s] colcon.colcon_core.package_identification DEBUG Package 'src/lidar' with type 'ros.ament_cmake' and name 'lidar'
[0.350s] colcon.colcon_core.package_identification Level 1 _identify(src/local_pkg1) by extensions ['ignore', 'ignore_ament_install']
[0.350s] colcon.colcon_core.package_identification Level 1 _identify(src/local_pkg1) by extension 'ignore'
[0.350s] colcon.colcon_core.package_identification Level 1 _identify(src/local_pkg1) by extension 'ignore_ament_install'
[0.350s] colcon.colcon_core.package_identification Level 1 _identify(src/local_pkg1) by extensions ['colcon_pkg']
[0.350s] colcon.colcon_core.package_identification Level 1 _identify(src/local_pkg1) by extension 'colcon_pkg'
[0.350s] colcon.colcon_core.package_identification Level 1 _identify(src/local_pkg1) by extensions ['colcon_meta']
[0.350s] colcon.colcon_core.package_identification Level 1 _identify(src/local_pkg1) by extension 'colcon_meta'
[0.350s] colcon.colcon_core.package_identification Level 1 _identify(src/local_pkg1) by extensions ['ros']
[0.350s] colcon.colcon_core.package_identification Level 1 _identify(src/local_pkg1) by extension 'ros'
[0.351s] colcon.colcon_core.package_identification DEBUG Package 'src/local_pkg1' with type 'ros.ament_python' and name 'local_pkg1'
[0.351s] colcon.colcon_core.package_identification Level 1 _identify(src/nmea_navsat_driver) by extensions ['ignore', 'ignore_ament_install']
[0.351s] colcon.colcon_core.package_identification Level 1 _identify(src/nmea_navsat_driver) by extension 'ignore'
[0.351s] colcon.colcon_core.package_identification Level 1 _identify(src/nmea_navsat_driver) by extension 'ignore_ament_install'
[0.351s] colcon.colcon_core.package_identification Level 1 _identify(src/nmea_navsat_driver) by extensions ['colcon_pkg']
[0.351s] colcon.colcon_core.package_identification Level 1 _identify(src/nmea_navsat_driver) by extension 'colcon_pkg'
[0.351s] colcon.colcon_core.package_identification Level 1 _identify(src/nmea_navsat_driver) by extensions ['colcon_meta']
[0.351s] colcon.colcon_core.package_identification Level 1 _identify(src/nmea_navsat_driver) by extension 'colcon_meta'
[0.352s] colcon.colcon_core.package_identification Level 1 _identify(src/nmea_navsat_driver) by extensions ['ros']
[0.352s] colcon.colcon_core.package_identification Level 1 _identify(src/nmea_navsat_driver) by extension 'ros'
[0.352s] colcon.colcon_core.package_identification DEBUG Package 'src/nmea_navsat_driver' with type 'ros.ament_python' and name 'nmea_navsat_driver'
[0.352s] colcon.colcon_core.package_identification Level 1 _identify(src/planning) by extensions ['ignore', 'ignore_ament_install']
[0.352s] colcon.colcon_core.package_identification Level 1 _identify(src/planning) by extension 'ignore'
[0.352s] colcon.colcon_core.package_identification Level 1 _identify(src/planning) by extension 'ignore_ament_install'
[0.352s] colcon.colcon_core.package_identification Level 1 _identify(src/planning) by extensions ['colcon_pkg']
[0.352s] colcon.colcon_core.package_identification Level 1 _identify(src/planning) by extension 'colcon_pkg'
[0.353s] colcon.colcon_core.package_identification Level 1 _identify(src/planning) by extensions ['colcon_meta']
[0.353s] colcon.colcon_core.package_identification Level 1 _identify(src/planning) by extension 'colcon_meta'
[0.353s] colcon.colcon_core.package_identification Level 1 _identify(src/planning) by extensions ['ros']
[0.353s] colcon.colcon_core.package_identification Level 1 _identify(src/planning) by extension 'ros'
[0.354s] colcon.colcon_core.package_identification DEBUG Package 'src/planning' with type 'ros.ament_cmake' and name 'planning_pkg_2025'
[0.354s] colcon.colcon_core.package_identification Level 1 _identify(src/traffic_sign_perception) by extensions ['ignore', 'ignore_ament_install']
[0.354s] colcon.colcon_core.package_identification Level 1 _identify(src/traffic_sign_perception) by extension 'ignore'
[0.354s] colcon.colcon_core.package_identification Level 1 _identify(src/traffic_sign_perception) by extension 'ignore_ament_install'
[0.354s] colcon.colcon_core.package_identification Level 1 _identify(src/traffic_sign_perception) by extensions ['colcon_pkg']
[0.354s] colcon.colcon_core.package_identification Level 1 _identify(src/traffic_sign_perception) by extension 'colcon_pkg'
[0.354s] colcon.colcon_core.package_identification Level 1 _identify(src/traffic_sign_perception) by extensions ['colcon_meta']
[0.354s] colcon.colcon_core.package_identification Level 1 _identify(src/traffic_sign_perception) by extension 'colcon_meta'
[0.354s] colcon.colcon_core.package_identification Level 1 _identify(src/traffic_sign_perception) by extensions ['ros']
[0.354s] colcon.colcon_core.package_identification Level 1 _identify(src/traffic_sign_perception) by extension 'ros'
[0.355s] colcon.colcon_core.package_identification DEBUG Package 'src/traffic_sign_perception' with type 'ros.ament_python' and name 'traffic_sign_perception'
[0.355s] colcon.colcon_core.package_identification Level 1 _identify(src/wit_ros2_imu) by extensions ['ignore', 'ignore_ament_install']
[0.355s] colcon.colcon_core.package_identification Level 1 _identify(src/wit_ros2_imu) by extension 'ignore'
[0.355s] colcon.colcon_core.package_identification Level 1 _identify(src/wit_ros2_imu) by extension 'ignore_ament_install'
[0.356s] colcon.colcon_core.package_identification Level 1 _identify(src/wit_ros2_imu) by extensions ['colcon_pkg']
[0.356s] colcon.colcon_core.package_identification Level 1 _identify(src/wit_ros2_imu) by extension 'colcon_pkg'
[0.356s] colcon.colcon_core.package_identification Level 1 _identify(src/wit_ros2_imu) by extensions ['colcon_meta']
[0.356s] colcon.colcon_core.package_identification Level 1 _identify(src/wit_ros2_imu) by extension 'colcon_meta'
[0.356s] colcon.colcon_core.package_identification Level 1 _identify(src/wit_ros2_imu) by extensions ['ros']
[0.356s] colcon.colcon_core.package_identification Level 1 _identify(src/wit_ros2_imu) by extension 'ros'
[0.357s] colcon.colcon_core.package_identification DEBUG Package 'src/wit_ros2_imu' with type 'ros.ament_python' and name 'wit_ros2_imu'
[0.357s] colcon.colcon_core.package_discovery Level 1 discover_packages(recursive) using defaults
[0.358s] colcon.colcon_core.package_discovery Level 1 discover_packages(ignore) discover
[0.358s] colcon.colcon_core.package_discovery Level 1 discover_packages(ignore) using defaults
[0.358s] colcon.colcon_core.package_discovery Level 1 discover_packages(path) discover
[0.358s] colcon.colcon_core.package_discovery Level 1 discover_packages(path) using defaults
[0.382s] colcon.colcon_core.package_discovery Level 1 discover_packages(prefix_path) check parameters
[0.382s] colcon.colcon_core.package_discovery Level 1 discover_packages(prefix_path) discover
[0.385s] colcon.colcon_installed_package_information.package_discovery DEBUG Found 29 installed packages in /home/ubuntu/robot_ws/install
[0.386s] colcon.colcon_installed_package_information.package_discovery DEBUG Found 359 installed packages in /opt/ros/humble
[0.388s] colcon.colcon_core.package_discovery Level 1 discover_packages(prefix_path) using defaults
[0.437s] colcon.colcon_core.verb Level 5 set package 'control' build argument 'cmake_args' from command line to 'None'
[0.437s] colcon.colcon_core.verb Level 5 set package 'control' build argument 'cmake_target' from command line to 'None'
[0.437s] colcon.colcon_core.verb Level 5 set package 'control' build argument 'cmake_target_skip_unavailable' from command line to 'False'
[0.437s] colcon.colcon_core.verb Level 5 set package 'control' build argument 'cmake_clean_cache' from command line to 'False'
[0.437s] colcon.colcon_core.verb Level 5 set package 'control' build argument 'cmake_clean_first' from command line to 'False'
[0.437s] colcon.colcon_core.verb Level 5 set package 'control' build argument 'cmake_force_configure' from command line to 'False'
[0.437s] colcon.colcon_core.verb Level 5 set package 'control' build argument 'ament_cmake_args' from command line to 'None'
[0.437s] colcon.colcon_core.verb Level 5 set package 'control' build argument 'catkin_cmake_args' from command line to 'None'
[0.437s] colcon.colcon_core.verb Level 5 set package 'control' build argument 'catkin_skip_building_tests' from command line to 'False'
[0.438s] colcon.colcon_core.verb DEBUG Building package 'control' with the following arguments: {'ament_cmake_args': None, 'build_base': '/home/ubuntu/lhj_behavior_stage/build/control', 'catkin_cmake_args': None, 'catkin_skip_building_tests': False, 'cmake_args': None, 'cmake_clean_cache': False, 'cmake_clean_first': False, 'cmake_force_configure': False, 'cmake_target': None, 'cmake_target_skip_unavailable': False, 'install_base': '/home/ubuntu/lhj_behavior_stage/install/control', 'merge_install': False, 'path': '/home/ubuntu/lhj_behavior_stage/src/control', 'symlink_install': True, 'test_result_base': None}
[0.438s] colcon.colcon_core.verb Level 5 set package 'erp42pro_interface' build argument 'cmake_args' from command line to 'None'
[0.438s] colcon.colcon_core.verb Level 5 set package 'erp42pro_interface' build argument 'cmake_target' from command line to 'None'
[0.438s] colcon.colcon_core.verb Level 5 set package 'erp42pro_interface' build argument 'cmake_target_skip_unavailable' from command line to 'False'
[0.438s] colcon.colcon_core.verb Level 5 set package 'erp42pro_interface' build argument 'cmake_clean_cache' from command line to 'False'
[0.438s] colcon.colcon_core.verb Level 5 set package 'erp42pro_interface' build argument 'cmake_clean_first' from command line to 'False'
[0.438s] colcon.colcon_core.verb Level 5 set package 'erp42pro_interface' build argument 'cmake_force_configure' from command line to 'False'
[0.438s] colcon.colcon_core.verb Level 5 set package 'erp42pro_interface' build argument 'ament_cmake_args' from command line to 'None'
[0.438s] colcon.colcon_core.verb Level 5 set package 'erp42pro_interface' build argument 'catkin_cmake_args' from command line to 'None'
[0.438s] colcon.colcon_core.verb Level 5 set package 'erp42pro_interface' build argument 'catkin_skip_building_tests' from command line to 'False'
[0.438s] colcon.colcon_core.verb DEBUG Building package 'erp42pro_interface' with the following arguments: {'ament_cmake_args': None, 'build_base': '/home/ubuntu/lhj_behavior_stage/build/erp42pro_interface', 'catkin_cmake_args': None, 'catkin_skip_building_tests': False, 'cmake_args': None, 'cmake_clean_cache': False, 'cmake_clean_first': False, 'cmake_force_configure': False, 'cmake_target': None, 'cmake_target_skip_unavailable': False, 'install_base': '/home/ubuntu/lhj_behavior_stage/install/erp42pro_interface', 'merge_install': False, 'path': '/home/ubuntu/lhj_behavior_stage/src/erp42pro_interface', 'symlink_install': True, 'test_result_base': None}
[0.438s] colcon.colcon_core.verb Level 5 set package 'erp_ros2_bridge' build argument 'cmake_args' from command line to 'None'
[0.438s] colcon.colcon_core.verb Level 5 set package 'erp_ros2_bridge' build argument 'cmake_target' from command line to 'None'
[0.438s] colcon.colcon_core.verb Level 5 set package 'erp_ros2_bridge' build argument 'cmake_target_skip_unavailable' from command line to 'False'
[0.438s] colcon.colcon_core.verb Level 5 set package 'erp_ros2_bridge' build argument 'cmake_clean_cache' from command line to 'False'
[0.439s] colcon.colcon_core.verb Level 5 set package 'erp_ros2_bridge' build argument 'cmake_clean_first' from command line to 'False'
[0.439s] colcon.colcon_core.verb Level 5 set package 'erp_ros2_bridge' build argument 'cmake_force_configure' from command line to 'False'
[0.439s] colcon.colcon_core.verb Level 5 set package 'erp_ros2_bridge' build argument 'ament_cmake_args' from command line to 'None'
[0.439s] colcon.colcon_core.verb Level 5 set package 'erp_ros2_bridge' build argument 'catkin_cmake_args' from command line to 'None'
[0.439s] colcon.colcon_core.verb Level 5 set package 'erp_ros2_bridge' build argument 'catkin_skip_building_tests' from command line to 'False'
[0.439s] colcon.colcon_core.verb DEBUG Building package 'erp_ros2_bridge' with the following arguments: {'ament_cmake_args': None, 'build_base': '/home/ubuntu/lhj_behavior_stage/build/erp_ros2_bridge', 'catkin_cmake_args': None, 'catkin_skip_building_tests': False, 'cmake_args': None, 'cmake_clean_cache': False, 'cmake_clean_first': False, 'cmake_force_configure': False, 'cmake_target': None, 'cmake_target_skip_unavailable': False, 'install_base': '/home/ubuntu/lhj_behavior_stage/install/erp_ros2_bridge', 'merge_install': False, 'path': '/home/ubuntu/lhj_behavior_stage/src/erp_ros2_bridge', 'symlink_install': True, 'test_result_base': None}
[0.439s] colcon.colcon_core.verb Level 5 set package 'kroad_planning_utm_pkg' build argument 'cmake_args' from command line to 'None'
[0.439s] colcon.colcon_core.verb Level 5 set package 'kroad_planning_utm_pkg' build argument 'cmake_target' from command line to 'None'
[0.439s] colcon.colcon_core.verb Level 5 set package 'kroad_planning_utm_pkg' build argument 'cmake_target_skip_unavailable' from command line to 'False'
[0.439s] colcon.colcon_core.verb Level 5 set package 'kroad_planning_utm_pkg' build argument 'cmake_clean_cache' from command line to 'False'
[0.439s] colcon.colcon_core.verb Level 5 set package 'kroad_planning_utm_pkg' build argument 'cmake_clean_first' from command line to 'False'
[0.439s] colcon.colcon_core.verb Level 5 set package 'kroad_planning_utm_pkg' build argument 'cmake_force_configure' from command line to 'False'
[0.439s] colcon.colcon_core.verb Level 5 set package 'kroad_planning_utm_pkg' build argument 'ament_cmake_args' from command line to 'None'
[0.439s] colcon.colcon_core.verb Level 5 set package 'kroad_planning_utm_pkg' build argument 'catkin_cmake_args' from command line to 'None'
[0.439s] colcon.colcon_core.verb Level 5 set package 'kroad_planning_utm_pkg' build argument 'catkin_skip_building_tests' from command line to 'False'
[0.439s] colcon.colcon_core.verb DEBUG Building package 'kroad_planning_utm_pkg' with the following arguments: {'ament_cmake_args': None, 'build_base': '/home/ubuntu/lhj_behavior_stage/build/kroad_planning_utm_pkg', 'catkin_cmake_args': None, 'catkin_skip_building_tests': False, 'cmake_args': None, 'cmake_clean_cache': False, 'cmake_clean_first': False, 'cmake_force_configure': False, 'cmake_target': None, 'cmake_target_skip_unavailable': False, 'install_base': '/home/ubuntu/lhj_behavior_stage/install/kroad_planning_utm_pkg', 'merge_install': False, 'path': '/home/ubuntu/lhj_behavior_stage/src/convertcs', 'symlink_install': True, 'test_result_base': None}
[0.440s] colcon.colcon_core.verb Level 5 set package 'lidar' build argument 'cmake_args' from command line to 'None'
[0.440s] colcon.colcon_core.verb Level 5 set package 'lidar' build argument 'cmake_target' from command line to 'None'
[0.440s] colcon.colcon_core.verb Level 5 set package 'lidar' build argument 'cmake_target_skip_unavailable' from command line to 'False'
[0.440s] colcon.colcon_core.verb Level 5 set package 'lidar' build argument 'cmake_clean_cache' from command line to 'False'
[0.440s] colcon.colcon_core.verb Level 5 set package 'lidar' build argument 'cmake_clean_first' from command line to 'False'
[0.440s] colcon.colcon_core.verb Level 5 set package 'lidar' build argument 'cmake_force_configure' from command line to 'False'
[0.440s] colcon.colcon_core.verb Level 5 set package 'lidar' build argument 'ament_cmake_args' from command line to 'None'
[0.440s] colcon.colcon_core.verb Level 5 set package 'lidar' build argument 'catkin_cmake_args' from command line to 'None'
[0.440s] colcon.colcon_core.verb Level 5 set package 'lidar' build argument 'catkin_skip_building_tests' from command line to 'False'
[0.440s] colcon.colcon_core.verb DEBUG Building package 'lidar' with the following arguments: {'ament_cmake_args': None, 'build_base': '/home/ubuntu/lhj_behavior_stage/build/lidar', 'catkin_cmake_args': None, 'catkin_skip_building_tests': False, 'cmake_args': None, 'cmake_clean_cache': False, 'cmake_clean_first': False, 'cmake_force_configure': False, 'cmake_target': None, 'cmake_target_skip_unavailable': False, 'install_base': '/home/ubuntu/lhj_behavior_stage/install/lidar', 'merge_install': False, 'path': '/home/ubuntu/lhj_behavior_stage/src/lidar', 'symlink_install': True, 'test_result_base': None}
[0.440s] colcon.colcon_core.verb Level 5 set package 'local_pkg1' build argument 'cmake_args' from command line to 'None'
[0.440s] colcon.colcon_core.verb Level 5 set package 'local_pkg1' build argument 'cmake_target' from command line to 'None'
[0.441s] colcon.colcon_core.verb Level 5 set package 'local_pkg1' build argument 'cmake_target_skip_unavailable' from command line to 'False'
[0.441s] colcon.colcon_core.verb Level 5 set package 'local_pkg1' build argument 'cmake_clean_cache' from command line to 'False'
[0.441s] colcon.colcon_core.verb Level 5 set package 'local_pkg1' build argument 'cmake_clean_first' from command line to 'False'
[0.441s] colcon.colcon_core.verb Level 5 set package 'local_pkg1' build argument 'cmake_force_configure' from command line to 'False'
[0.441s] colcon.colcon_core.verb Level 5 set package 'local_pkg1' build argument 'ament_cmake_args' from command line to 'None'
[0.441s] colcon.colcon_core.verb Level 5 set package 'local_pkg1' build argument 'catkin_cmake_args' from command line to 'None'
[0.441s] colcon.colcon_core.verb Level 5 set package 'local_pkg1' build argument 'catkin_skip_building_tests' from command line to 'False'
[0.441s] colcon.colcon_core.verb DEBUG Building package 'local_pkg1' with the following arguments: {'ament_cmake_args': None, 'build_base': '/home/ubuntu/lhj_behavior_stage/build/local_pkg1', 'catkin_cmake_args': None, 'catkin_skip_building_tests': False, 'cmake_args': None, 'cmake_clean_cache': False, 'cmake_clean_first': False, 'cmake_force_configure': False, 'cmake_target': None, 'cmake_target_skip_unavailable': False, 'install_base': '/home/ubuntu/lhj_behavior_stage/install/local_pkg1', 'merge_install': False, 'path': '/home/ubuntu/lhj_behavior_stage/src/local_pkg1', 'symlink_install': True, 'test_result_base': None}
[0.441s] colcon.colcon_core.verb Level 5 set package 'nmea_navsat_driver' build argument 'cmake_args' from command line to 'None'
[0.441s] colcon.colcon_core.verb Level 5 set package 'nmea_navsat_driver' build argument 'cmake_target' from command line to 'None'
[0.441s] colcon.colcon_core.verb Level 5 set package 'nmea_navsat_driver' build argument 'cmake_target_skip_unavailable' from command line to 'False'
[0.441s] colcon.colcon_core.verb Level 5 set package 'nmea_navsat_driver' build argument 'cmake_clean_cache' from command line to 'False'
[0.441s] colcon.colcon_core.verb Level 5 set package 'nmea_navsat_driver' build argument 'cmake_clean_first' from command line to 'False'
[0.441s] colcon.colcon_core.verb Level 5 set package 'nmea_navsat_driver' build argument 'cmake_force_configure' from command line to 'False'
[0.441s] colcon.colcon_core.verb Level 5 set package 'nmea_navsat_driver' build argument 'ament_cmake_args' from command line to 'None'
[0.441s] colcon.colcon_core.verb Level 5 set package 'nmea_navsat_driver' build argument 'catkin_cmake_args' from command line to 'None'
[0.441s] colcon.colcon_core.verb Level 5 set package 'nmea_navsat_driver' build argument 'catkin_skip_building_tests' from command line to 'False'
[0.441s] colcon.colcon_core.verb DEBUG Building package 'nmea_navsat_driver' with the following arguments: {'ament_cmake_args': None, 'build_base': '/home/ubuntu/lhj_behavior_stage/build/nmea_navsat_driver', 'catkin_cmake_args': None, 'catkin_skip_building_tests': False, 'cmake_args': None, 'cmake_clean_cache': False, 'cmake_clean_first': False, 'cmake_force_configure': False, 'cmake_target': None, 'cmake_target_skip_unavailable': False, 'install_base': '/home/ubuntu/lhj_behavior_stage/install/nmea_navsat_driver', 'merge_install': False, 'path': '/home/ubuntu/lhj_behavior_stage/src/nmea_navsat_driver', 'symlink_install': True, 'test_result_base': None}
[0.442s] colcon.colcon_core.verb Level 5 set package 'planning_pkg_2025' build argument 'cmake_args' from command line to 'None'
[0.442s] colcon.colcon_core.verb Level 5 set package 'planning_pkg_2025' build argument 'cmake_target' from command line to 'None'
[0.442s] colcon.colcon_core.verb Level 5 set package 'planning_pkg_2025' build argument 'cmake_target_skip_unavailable' from command line to 'False'
[0.442s] colcon.colcon_core.verb Level 5 set package 'planning_pkg_2025' build argument 'cmake_clean_cache' from command line to 'False'
[0.442s] colcon.colcon_core.verb Level 5 set package 'planning_pkg_2025' build argument 'cmake_clean_first' from command line to 'False'
[0.442s] colcon.colcon_core.verb Level 5 set package 'planning_pkg_2025' build argument 'cmake_force_configure' from command line to 'False'
[0.442s] colcon.colcon_core.verb Level 5 set package 'planning_pkg_2025' build argument 'ament_cmake_args' from command line to 'None'
[0.442s] colcon.colcon_core.verb Level 5 set package 'planning_pkg_2025' build argument 'catkin_cmake_args' from command line to 'None'
[0.442s] colcon.colcon_core.verb Level 5 set package 'planning_pkg_2025' build argument 'catkin_skip_building_tests' from command line to 'False'
[0.442s] colcon.colcon_core.verb DEBUG Building package 'planning_pkg_2025' with the following arguments: {'ament_cmake_args': None, 'build_base': '/home/ubuntu/lhj_behavior_stage/build/planning_pkg_2025', 'catkin_cmake_args': None, 'catkin_skip_building_tests': False, 'cmake_args': None, 'cmake_clean_cache': False, 'cmake_clean_first': False, 'cmake_force_configure': False, 'cmake_target': None, 'cmake_target_skip_unavailable': False, 'install_base': '/home/ubuntu/lhj_behavior_stage/install/planning_pkg_2025', 'merge_install': False, 'path': '/home/ubuntu/lhj_behavior_stage/src/planning', 'symlink_install': True, 'test_result_base': None}
[0.442s] colcon.colcon_core.verb Level 5 set package 'traffic_sign_perception' build argument 'cmake_args' from command line to 'None'
[0.442s] colcon.colcon_core.verb Level 5 set package 'traffic_sign_perception' build argument 'cmake_target' from command line to 'None'
[0.442s] colcon.colcon_core.verb Level 5 set package 'traffic_sign_perception' build argument 'cmake_target_skip_unavailable' from command line to 'False'
[0.442s] colcon.colcon_core.verb Level 5 set package 'traffic_sign_perception' build argument 'cmake_clean_cache' from command line to 'False'
[0.442s] colcon.colcon_core.verb Level 5 set package 'traffic_sign_perception' build argument 'cmake_clean_first' from command line to 'False'
[0.442s] colcon.colcon_core.verb Level 5 set package 'traffic_sign_perception' build argument 'cmake_force_configure' from command line to 'False'
[0.442s] colcon.colcon_core.verb Level 5 set package 'traffic_sign_perception' build argument 'ament_cmake_args' from command line to 'None'
[0.442s] colcon.colcon_core.verb Level 5 set package 'traffic_sign_perception' build argument 'catkin_cmake_args' from command line to 'None'
[0.442s] colcon.colcon_core.verb Level 5 set package 'traffic_sign_perception' build argument 'catkin_skip_building_tests' from command line to 'False'
[0.442s] colcon.colcon_core.verb DEBUG Building package 'traffic_sign_perception' with the following arguments: {'ament_cmake_args': None, 'build_base': '/home/ubuntu/lhj_behavior_stage/build/traffic_sign_perception', 'catkin_cmake_args': None, 'catkin_skip_building_tests': False, 'cmake_args': None, 'cmake_clean_cache': False, 'cmake_clean_first': False, 'cmake_force_configure': False, 'cmake_target': None, 'cmake_target_skip_unavailable': False, 'install_base': '/home/ubuntu/lhj_behavior_stage/install/traffic_sign_perception', 'merge_install': False, 'path': '/home/ubuntu/lhj_behavior_stage/src/traffic_sign_perception', 'symlink_install': True, 'test_result_base': None}
[0.442s] colcon.colcon_core.verb Level 5 set package 'wit_ros2_imu' build argument 'cmake_args' from command line to 'None'
[0.443s] colcon.colcon_core.verb Level 5 set package 'wit_ros2_imu' build argument 'cmake_target' from command line to 'None'
[0.443s] colcon.colcon_core.verb Level 5 set package 'wit_ros2_imu' build argument 'cmake_target_skip_unavailable' from command line to 'False'
[0.443s] colcon.colcon_core.verb Level 5 set package 'wit_ros2_imu' build argument 'cmake_clean_cache' from command line to 'False'
[0.443s] colcon.colcon_core.verb Level 5 set package 'wit_ros2_imu' build argument 'cmake_clean_first' from command line to 'False'
[0.443s] colcon.colcon_core.verb Level 5 set package 'wit_ros2_imu' build argument 'cmake_force_configure' from command line to 'False'
[0.443s] colcon.colcon_core.verb Level 5 set package 'wit_ros2_imu' build argument 'ament_cmake_args' from command line to 'None'
[0.443s] colcon.colcon_core.verb Level 5 set package 'wit_ros2_imu' build argument 'catkin_cmake_args' from command line to 'None'
[0.443s] colcon.colcon_core.verb Level 5 set package 'wit_ros2_imu' build argument 'catkin_skip_building_tests' from command line to 'False'
[0.443s] colcon.colcon_core.verb DEBUG Building package 'wit_ros2_imu' with the following arguments: {'ament_cmake_args': None, 'build_base': '/home/ubuntu/lhj_behavior_stage/build/wit_ros2_imu', 'catkin_cmake_args': None, 'catkin_skip_building_tests': False, 'cmake_args': None, 'cmake_clean_cache': False, 'cmake_clean_first': False, 'cmake_force_configure': False, 'cmake_target': None, 'cmake_target_skip_unavailable': False, 'install_base': '/home/ubuntu/lhj_behavior_stage/install/wit_ros2_imu', 'merge_install': False, 'path': '/home/ubuntu/lhj_behavior_stage/src/wit_ros2_imu', 'symlink_install': True, 'test_result_base': None}
[0.443s] colcon.colcon_core.verb Level 5 set package 'behavior_stack_bringup' build argument 'cmake_args' from command line to 'None'
[0.443s] colcon.colcon_core.verb Level 5 set package 'behavior_stack_bringup' build argument 'cmake_target' from command line to 'None'
[0.443s] colcon.colcon_core.verb Level 5 set package 'behavior_stack_bringup' build argument 'cmake_target_skip_unavailable' from command line to 'False'
[0.443s] colcon.colcon_core.verb Level 5 set package 'behavior_stack_bringup' build argument 'cmake_clean_cache' from command line to 'False'
[0.443s] colcon.colcon_core.verb Level 5 set package 'behavior_stack_bringup' build argument 'cmake_clean_first' from command line to 'False'
[0.443s] colcon.colcon_core.verb Level 5 set package 'behavior_stack_bringup' build argument 'cmake_force_configure' from command line to 'False'
[0.443s] colcon.colcon_core.verb Level 5 set package 'behavior_stack_bringup' build argument 'ament_cmake_args' from command line to 'None'
[0.443s] colcon.colcon_core.verb Level 5 set package 'behavior_stack_bringup' build argument 'catkin_cmake_args' from command line to 'None'
[0.443s] colcon.colcon_core.verb Level 5 set package 'behavior_stack_bringup' build argument 'catkin_skip_building_tests' from command line to 'False'
[0.443s] colcon.colcon_core.verb DEBUG Building package 'behavior_stack_bringup' with the following arguments: {'ament_cmake_args': None, 'build_base': '/home/ubuntu/lhj_behavior_stage/build/behavior_stack_bringup', 'catkin_cmake_args': None, 'catkin_skip_building_tests': False, 'cmake_args': None, 'cmake_clean_cache': False, 'cmake_clean_first': False, 'cmake_force_configure': False, 'cmake_target': None, 'cmake_target_skip_unavailable': False, 'install_base': '/home/ubuntu/lhj_behavior_stage/install/behavior_stack_bringup', 'merge_install': False, 'path': '/home/ubuntu/lhj_behavior_stage/src/behavior_stack_bringup', 'symlink_install': True, 'test_result_base': None}
[0.443s] colcon.colcon_core.executor INFO Executing jobs using 'parallel' executor
[0.444s] colcon.colcon_parallel_executor.executor.parallel DEBUG run_until_complete
[0.445s] colcon.colcon_ros.task.ament_cmake.build INFO Building ROS package in '/home/ubuntu/lhj_behavior_stage/src/control' with build type 'ament_cmake'
[0.445s] colcon.colcon_cmake.task.cmake.build INFO Building CMake package in '/home/ubuntu/lhj_behavior_stage/src/control'
[0.447s] colcon.colcon_core.plugin_system INFO Skipping extension 'colcon_core.shell.bat': Not used on non-Windows systems
[0.447s] colcon.colcon_core.shell INFO Skip shell extension 'powershell' for command environment: Not usable outside of PowerShell
[0.447s] colcon.colcon_core.shell DEBUG Skip shell extension 'dsv' for command environment
[0.451s] colcon.colcon_ros.task.ament_python.build INFO Building ROS package in '/home/ubuntu/lhj_behavior_stage/src/erp42pro_interface' with build type 'ament_python'
[0.451s] colcon.colcon_core.shell Level 1 create_environment_hook('erp42pro_interface', 'ament_prefix_path')
[0.452s] colcon.colcon_core.shell INFO Creating environment hook '/home/ubuntu/lhj_behavior_stage/install/erp42pro_interface/share/erp42pro_interface/hook/ament_prefix_path.ps1'
[0.452s] colcon.colcon_core.shell INFO Creating environment descriptor '/home/ubuntu/lhj_behavior_stage/install/erp42pro_interface/share/erp42pro_interface/hook/ament_prefix_path.dsv'
[0.453s] colcon.colcon_core.shell INFO Creating environment hook '/home/ubuntu/lhj_behavior_stage/install/erp42pro_interface/share/erp42pro_interface/hook/ament_prefix_path.sh'
[0.453s] colcon.colcon_core.shell INFO Skip shell extension 'powershell' for command environment: Not usable outside of PowerShell
[0.453s] colcon.colcon_core.shell DEBUG Skip shell extension 'dsv' for command environment
[0.457s] colcon.colcon_ros.task.ament_cmake.build INFO Building ROS package in '/home/ubuntu/lhj_behavior_stage/src/convertcs' with build type 'ament_cmake'
[0.457s] colcon.colcon_cmake.task.cmake.build INFO Building CMake package in '/home/ubuntu/lhj_behavior_stage/src/convertcs'
[0.458s] colcon.colcon_core.shell INFO Skip shell extension 'powershell' for command environment: Not usable outside of PowerShell
[0.458s] colcon.colcon_core.shell DEBUG Skip shell extension 'dsv' for command environment
[0.462s] colcon.colcon_ros.task.ament_cmake.build INFO Building ROS package in '/home/ubuntu/lhj_behavior_stage/src/lidar' with build type 'ament_cmake'
[0.462s] colcon.colcon_cmake.task.cmake.build INFO Building CMake package in '/home/ubuntu/lhj_behavior_stage/src/lidar'
[0.462s] colcon.colcon_core.shell INFO Skip shell extension 'powershell' for command environment: Not usable outside of PowerShell
[0.462s] colcon.colcon_core.shell DEBUG Skip shell extension 'dsv' for command environment
[0.470s] colcon.colcon_ros.task.ament_python.build INFO Building ROS package in '/home/ubuntu/lhj_behavior_stage/src/local_pkg1' with build type 'ament_python'
[0.471s] colcon.colcon_core.shell Level 1 create_environment_hook('local_pkg1', 'ament_prefix_path')
[0.472s] colcon.colcon_core.shell INFO Creating environment hook '/home/ubuntu/lhj_behavior_stage/install/local_pkg1/share/local_pkg1/hook/ament_prefix_path.ps1'
[0.472s] colcon.colcon_core.shell INFO Creating environment descriptor '/home/ubuntu/lhj_behavior_stage/install/local_pkg1/share/local_pkg1/hook/ament_prefix_path.dsv'
[0.473s] colcon.colcon_core.shell INFO Creating environment hook '/home/ubuntu/lhj_behavior_stage/install/local_pkg1/share/local_pkg1/hook/ament_prefix_path.sh'
[0.473s] colcon.colcon_core.shell INFO Skip shell extension 'powershell' for command environment: Not usable outside of PowerShell
[0.473s] colcon.colcon_core.shell DEBUG Skip shell extension 'dsv' for command environment
[0.477s] colcon.colcon_ros.task.ament_python.build INFO Building ROS package in '/home/ubuntu/lhj_behavior_stage/src/nmea_navsat_driver' with build type 'ament_python'
[0.478s] colcon.colcon_core.shell Level 1 create_environment_hook('nmea_navsat_driver', 'ament_prefix_path')
[0.478s] colcon.colcon_core.shell INFO Creating environment hook '/home/ubuntu/lhj_behavior_stage/install/nmea_navsat_driver/share/nmea_navsat_driver/hook/ament_prefix_path.ps1'
[0.478s] colcon.colcon_core.shell INFO Creating environment descriptor '/home/ubuntu/lhj_behavior_stage/install/nmea_navsat_driver/share/nmea_navsat_driver/hook/ament_prefix_path.dsv'
[0.478s] colcon.colcon_core.shell INFO Creating environment hook '/home/ubuntu/lhj_behavior_stage/install/nmea_navsat_driver/share/nmea_navsat_driver/hook/ament_prefix_path.sh'
[0.479s] colcon.colcon_core.shell INFO Skip shell extension 'powershell' for command environment: Not usable outside of PowerShell
[0.479s] colcon.colcon_core.shell DEBUG Skip shell extension 'dsv' for command environment
[0.483s] colcon.colcon_ros.task.ament_cmake.build INFO Building ROS package in '/home/ubuntu/lhj_behavior_stage/src/planning' with build type 'ament_cmake'
[0.483s] colcon.colcon_cmake.task.cmake.build INFO Building CMake package in '/home/ubuntu/lhj_behavior_stage/src/planning'
[0.483s] colcon.colcon_core.shell INFO Skip shell extension 'powershell' for command environment: Not usable outside of PowerShell
[0.484s] colcon.colcon_core.shell DEBUG Skip shell extension 'dsv' for command environment
[0.488s] colcon.colcon_ros.task.ament_python.build INFO Building ROS package in '/home/ubuntu/lhj_behavior_stage/src/traffic_sign_perception' with build type 'ament_python'
[0.488s] colcon.colcon_core.shell Level 1 create_environment_hook('traffic_sign_perception', 'ament_prefix_path')
[0.488s] colcon.colcon_core.shell INFO Creating environment hook '/home/ubuntu/lhj_behavior_stage/install/traffic_sign_perception/share/traffic_sign_perception/hook/ament_prefix_path.ps1'
[0.489s] colcon.colcon_core.shell INFO Creating environment descriptor '/home/ubuntu/lhj_behavior_stage/install/traffic_sign_perception/share/traffic_sign_perception/hook/ament_prefix_path.dsv'
[0.489s] colcon.colcon_core.shell INFO Creating environment hook '/home/ubuntu/lhj_behavior_stage/install/traffic_sign_perception/share/traffic_sign_perception/hook/ament_prefix_path.sh'
[0.489s] colcon.colcon_core.shell INFO Skip shell extension 'powershell' for command environment: Not usable outside of PowerShell
[0.490s] colcon.colcon_core.shell DEBUG Skip shell extension 'dsv' for command environment
[0.494s] colcon.colcon_ros.task.ament_python.build INFO Building ROS package in '/home/ubuntu/lhj_behavior_stage/src/wit_ros2_imu' with build type 'ament_python'
[0.494s] colcon.colcon_core.shell Level 1 create_environment_hook('wit_ros2_imu', 'ament_prefix_path')
[0.494s] colcon.colcon_core.shell INFO Creating environment hook '/home/ubuntu/lhj_behavior_stage/install/wit_ros2_imu/share/wit_ros2_imu/hook/ament_prefix_path.ps1'
[0.494s] colcon.colcon_core.shell INFO Creating environment descriptor '/home/ubuntu/lhj_behavior_stage/install/wit_ros2_imu/share/wit_ros2_imu/hook/ament_prefix_path.dsv'
[0.495s] colcon.colcon_core.shell INFO Creating environment hook '/home/ubuntu/lhj_behavior_stage/install/wit_ros2_imu/share/wit_ros2_imu/hook/ament_prefix_path.sh'
[0.495s] colcon.colcon_core.shell INFO Skip shell extension 'powershell' for command environment: Not usable outside of PowerShell
[0.495s] colcon.colcon_core.shell DEBUG Skip shell extension 'dsv' for command environment
[0.499s] colcon.colcon_ros.task.ament_python.build INFO Building ROS package in '/home/ubuntu/lhj_behavior_stage/src/erp_ros2_bridge' with build type 'ament_python'
[0.499s] colcon.colcon_core.shell Level 1 create_environment_hook('erp_ros2_bridge', 'ament_prefix_path')
[0.500s] colcon.colcon_core.shell INFO Creating environment hook '/home/ubuntu/lhj_behavior_stage/install/erp_ros2_bridge/share/erp_ros2_bridge/hook/ament_prefix_path.ps1'
[0.500s] colcon.colcon_core.shell INFO Creating environment descriptor '/home/ubuntu/lhj_behavior_stage/install/erp_ros2_bridge/share/erp_ros2_bridge/hook/ament_prefix_path.dsv'
[0.500s] colcon.colcon_core.shell INFO Creating environment hook '/home/ubuntu/lhj_behavior_stage/install/erp_ros2_bridge/share/erp_ros2_bridge/hook/ament_prefix_path.sh'
[0.501s] colcon.colcon_core.shell INFO Skip shell extension 'powershell' for command environment: Not usable outside of PowerShell
[0.501s] colcon.colcon_core.shell DEBUG Skip shell extension 'dsv' for command environment
[0.509s] colcon.colcon_core.event_handler.log_command DEBUG Invoking command in '/home/ubuntu/lhj_behavior_stage/build/control': CMAKE_PREFIX_PATH=${CMAKE_PREFIX_PATH}:/home/ubuntu/robot_ws/install/vla_data_collector:/home/ubuntu/robot_ws/install/openvla_doosan_runtime_async:/home/ubuntu/robot_ws/install/openvla_doosan_runtime:/home/ubuntu/robot_ws/install/dsr_visualservoing:/home/ubuntu/robot_ws/install/dsr_tests:/home/ubuntu/robot_ws/install/dsr_bringup2:/home/ubuntu/robot_ws/install/dsr_example:/opt/ros/humble CONDA_PROMPT_MODIFIER=(base) /usr/bin/cmake /home/ubuntu/lhj_behavior_stage/src/control -DAMENT_CMAKE_SYMLINK_INSTALL=1 -DCMAKE_INSTALL_PREFIX=/home/ubuntu/lhj_behavior_stage/install/control
[0.800s] colcon.colcon_core.task.python.build INFO Building Python package in '/home/ubuntu/lhj_behavior_stage/src/erp42pro_interface'
[0.801s] colcon.colcon_core.shell INFO Skip shell extension 'powershell' for command environment: Not usable outside of PowerShell
[0.801s] colcon.colcon_core.shell DEBUG Skip shell extension 'dsv' for command environment
[0.809s] colcon.colcon_core.event_handler.log_command DEBUG Invoking command in '/home/ubuntu/lhj_behavior_stage/build/kroad_planning_utm_pkg': CMAKE_PREFIX_PATH=${CMAKE_PREFIX_PATH}:/home/ubuntu/robot_ws/install/vla_data_collector:/home/ubuntu/robot_ws/install/openvla_doosan_runtime_async:/home/ubuntu/robot_ws/install/openvla_doosan_runtime:/home/ubuntu/robot_ws/install/dsr_visualservoing:/home/ubuntu/robot_ws/install/dsr_tests:/home/ubuntu/robot_ws/install/dsr_bringup2:/home/ubuntu/robot_ws/install/dsr_example:/opt/ros/humble CONDA_PROMPT_MODIFIER=(base) /usr/bin/cmake /home/ubuntu/lhj_behavior_stage/src/convertcs -DAMENT_CMAKE_SYMLINK_INSTALL=1 -DCMAKE_INSTALL_PREFIX=/home/ubuntu/lhj_behavior_stage/install/kroad_planning_utm_pkg
[0.810s] colcon.colcon_core.event_handler.log_command DEBUG Invoking command in '/home/ubuntu/lhj_behavior_stage/build/lidar': CMAKE_PREFIX_PATH=${CMAKE_PREFIX_PATH}:/home/ubuntu/robot_ws/install/vla_data_collector:/home/ubuntu/robot_ws/install/openvla_doosan_runtime_async:/home/ubuntu/robot_ws/install/openvla_doosan_runtime:/home/ubuntu/robot_ws/install/dsr_visualservoing:/home/ubuntu/robot_ws/install/dsr_tests:/home/ubuntu/robot_ws/install/dsr_bringup2:/home/ubuntu/robot_ws/install/dsr_example:/opt/ros/humble CONDA_PROMPT_MODIFIER=(base) /usr/bin/cmake /home/ubuntu/lhj_behavior_stage/src/lidar -DAMENT_CMAKE_SYMLINK_INSTALL=1 -DCMAKE_INSTALL_PREFIX=/home/ubuntu/lhj_behavior_stage/install/lidar
[1.141s] colcon.colcon_core.task.python.build INFO Building Python package in '/home/ubuntu/lhj_behavior_stage/src/local_pkg1'
[1.142s] colcon.colcon_core.shell INFO Skip shell extension 'powershell' for command environment: Not usable outside of PowerShell
[1.142s] colcon.colcon_core.shell DEBUG Skip shell extension 'dsv' for command environment
[1.468s] colcon.colcon_core.task.python.build INFO Building Python package in '/home/ubuntu/lhj_behavior_stage/src/nmea_navsat_driver'
[1.468s] colcon.colcon_core.shell INFO Skip shell extension 'powershell' for command environment: Not usable outside of PowerShell
[1.468s] colcon.colcon_core.shell DEBUG Skip shell extension 'dsv' for command environment
[1.475s] colcon.colcon_core.event_handler.log_command DEBUG Invoking command in '/home/ubuntu/lhj_behavior_stage/build/planning_pkg_2025': CMAKE_PREFIX_PATH=${CMAKE_PREFIX_PATH}:/home/ubuntu/robot_ws/install/vla_data_collector:/home/ubuntu/robot_ws/install/openvla_doosan_runtime_async:/home/ubuntu/robot_ws/install/openvla_doosan_runtime:/home/ubuntu/robot_ws/install/dsr_visualservoing:/home/ubuntu/robot_ws/install/dsr_tests:/home/ubuntu/robot_ws/install/dsr_bringup2:/home/ubuntu/robot_ws/install/dsr_example:/opt/ros/humble CONDA_PROMPT_MODIFIER=(base) /usr/bin/cmake /home/ubuntu/lhj_behavior_stage/src/planning -DAMENT_CMAKE_SYMLINK_INSTALL=1 -DCMAKE_INSTALL_PREFIX=/home/ubuntu/lhj_behavior_stage/install/planning_pkg_2025
[1.778s] colcon.colcon_core.task.python.build INFO Building Python package in '/home/ubuntu/lhj_behavior_stage/src/traffic_sign_perception'
[1.778s] colcon.colcon_core.shell INFO Skip shell extension 'powershell' for command environment: Not usable outside of PowerShell
[1.778s] colcon.colcon_core.shell DEBUG Skip shell extension 'dsv' for command environment
[2.075s] colcon.colcon_core.task.python.build INFO Building Python package in '/home/ubuntu/lhj_behavior_stage/src/wit_ros2_imu'
[2.075s] colcon.colcon_core.shell INFO Skip shell extension 'powershell' for command environment: Not usable outside of PowerShell
[2.075s] colcon.colcon_core.shell DEBUG Skip shell extension 'dsv' for command environment
[2.370s] colcon.colcon_core.task.python.build INFO Building Python package in '/home/ubuntu/lhj_behavior_stage/src/erp_ros2_bridge'
[2.371s] colcon.colcon_core.shell INFO Skip shell extension 'powershell' for command environment: Not usable outside of PowerShell
[2.371s] colcon.colcon_core.shell DEBUG Skip shell extension 'dsv' for command environment
[2.396s] colcon.colcon_core.event_handler.log_command DEBUG Invoked command in '/home/ubuntu/lhj_behavior_stage/build/control' returned '0': CMAKE_PREFIX_PATH=${CMAKE_PREFIX_PATH}:/home/ubuntu/robot_ws/install/vla_data_collector:/home/ubuntu/robot_ws/install/openvla_doosan_runtime_async:/home/ubuntu/robot_ws/install/openvla_doosan_runtime:/home/ubuntu/robot_ws/install/dsr_visualservoing:/home/ubuntu/robot_ws/install/dsr_tests:/home/ubuntu/robot_ws/install/dsr_bringup2:/home/ubuntu/robot_ws/install/dsr_example:/opt/ros/humble CONDA_PROMPT_MODIFIER=(base) /usr/bin/cmake /home/ubuntu/lhj_behavior_stage/src/control -DAMENT_CMAKE_SYMLINK_INSTALL=1 -DCMAKE_INSTALL_PREFIX=/home/ubuntu/lhj_behavior_stage/install/control
[2.397s] colcon.colcon_core.event_handler.log_command DEBUG Invoking command in '/home/ubuntu/lhj_behavior_stage/build/control': CMAKE_PREFIX_PATH=${CMAKE_PREFIX_PATH}:/home/ubuntu/robot_ws/install/vla_data_collector:/home/ubuntu/robot_ws/install/openvla_doosan_runtime_async:/home/ubuntu/robot_ws/install/openvla_doosan_runtime:/home/ubuntu/robot_ws/install/dsr_visualservoing:/home/ubuntu/robot_ws/install/dsr_tests:/home/ubuntu/robot_ws/install/dsr_bringup2:/home/ubuntu/robot_ws/install/dsr_example:/opt/ros/humble CONDA_PROMPT_MODIFIER=(base) /usr/bin/cmake --build /home/ubuntu/lhj_behavior_stage/build/control -- -j20 -l20
[2.397s] colcon.colcon_core.event_handler.log_command DEBUG Invoked command in '/home/ubuntu/lhj_behavior_stage/build/kroad_planning_utm_pkg' returned '0': CMAKE_PREFIX_PATH=${CMAKE_PREFIX_PATH}:/home/ubuntu/robot_ws/install/vla_data_collector:/home/ubuntu/robot_ws/install/openvla_doosan_runtime_async:/home/ubuntu/robot_ws/install/openvla_doosan_runtime:/home/ubuntu/robot_ws/install/dsr_visualservoing:/home/ubuntu/robot_ws/install/dsr_tests:/home/ubuntu/robot_ws/install/dsr_bringup2:/home/ubuntu/robot_ws/install/dsr_example:/opt/ros/humble CONDA_PROMPT_MODIFIER=(base) /usr/bin/cmake /home/ubuntu/lhj_behavior_stage/src/convertcs -DAMENT_CMAKE_SYMLINK_INSTALL=1 -DCMAKE_INSTALL_PREFIX=/home/ubuntu/lhj_behavior_stage/install/kroad_planning_utm_pkg
[2.397s] colcon.colcon_core.event_handler.log_command DEBUG Invoking command in '/home/ubuntu/lhj_behavior_stage/build/kroad_planning_utm_pkg': CMAKE_PREFIX_PATH=${CMAKE_PREFIX_PATH}:/home/ubuntu/robot_ws/install/vla_data_collector:/home/ubuntu/robot_ws/install/openvla_doosan_runtime_async:/home/ubuntu/robot_ws/install/openvla_doosan_runtime:/home/ubuntu/robot_ws/install/dsr_visualservoing:/home/ubuntu/robot_ws/install/dsr_tests:/home/ubuntu/robot_ws/install/dsr_bringup2:/home/ubuntu/robot_ws/install/dsr_example:/opt/ros/humble CONDA_PROMPT_MODIFIER=(base) /usr/bin/cmake --build /home/ubuntu/lhj_behavior_stage/build/kroad_planning_utm_pkg -- -j20 -l20
[3.021s] colcon.colcon_core.event_handler.log_command DEBUG Invoking command in '/home/ubuntu/lhj_behavior_stage/build/nmea_navsat_driver': CONDA_PROMPT_MODIFIER=(base) PYTHONPATH=/home/ubuntu/lhj_behavior_stage/build/nmea_navsat_driver/prefix_override:/usr/lib/python3/dist-packages/colcon_core/task/python/colcon_distutils_commands:/home/ubuntu/lhj_behavior_stage/install/nmea_navsat_driver/lib/python3.10/site-packages:${PYTHONPATH} /usr/bin/python3 -W ignore:setup.py install is deprecated -W ignore:easy_install command is deprecated setup.py develop --editable --build-directory /home/ubuntu/lhj_behavior_stage/build/nmea_navsat_driver/build --no-deps symlink_data
[3.030s] colcon.colcon_core.event_handler.log_command DEBUG Invoking command in '/home/ubuntu/lhj_behavior_stage/build/traffic_sign_perception': CONDA_PROMPT_MODIFIER=(base) PYTHONPATH=/home/ubuntu/lhj_behavior_stage/build/traffic_sign_perception/prefix_override:/usr/lib/python3/dist-packages/colcon_core/task/python/colcon_distutils_commands:/home/ubuntu/lhj_behavior_stage/install/traffic_sign_perception/lib/python3.10/site-packages:${PYTHONPATH} /usr/bin/python3 -W ignore:setup.py install is deprecated -W ignore:easy_install command is deprecated setup.py develop --editable --build-directory /home/ubuntu/lhj_behavior_stage/build/traffic_sign_perception/build --no-deps symlink_data
[3.035s] colcon.colcon_core.event_handler.log_command DEBUG Invoked command in '/home/ubuntu/lhj_behavior_stage/build/planning_pkg_2025' returned '0': CMAKE_PREFIX_PATH=${CMAKE_PREFIX_PATH}:/home/ubuntu/robot_ws/install/vla_data_collector:/home/ubuntu/robot_ws/install/openvla_doosan_runtime_async:/home/ubuntu/robot_ws/install/openvla_doosan_runtime:/home/ubuntu/robot_ws/install/dsr_visualservoing:/home/ubuntu/robot_ws/install/dsr_tests:/home/ubuntu/robot_ws/install/dsr_bringup2:/home/ubuntu/robot_ws/install/dsr_example:/opt/ros/humble CONDA_PROMPT_MODIFIER=(base) /usr/bin/cmake /home/ubuntu/lhj_behavior_stage/src/planning -DAMENT_CMAKE_SYMLINK_INSTALL=1 -DCMAKE_INSTALL_PREFIX=/home/ubuntu/lhj_behavior_stage/install/planning_pkg_2025
[3.036s] colcon.colcon_core.event_handler.log_command DEBUG Invoking command in '/home/ubuntu/lhj_behavior_stage/build/planning_pkg_2025': CMAKE_PREFIX_PATH=${CMAKE_PREFIX_PATH}:/home/ubuntu/robot_ws/install/vla_data_collector:/home/ubuntu/robot_ws/install/openvla_doosan_runtime_async:/home/ubuntu/robot_ws/install/openvla_doosan_runtime:/home/ubuntu/robot_ws/install/dsr_visualservoing:/home/ubuntu/robot_ws/install/dsr_tests:/home/ubuntu/robot_ws/install/dsr_bringup2:/home/ubuntu/robot_ws/install/dsr_example:/opt/ros/humble CONDA_PROMPT_MODIFIER=(base) /usr/bin/cmake --build /home/ubuntu/lhj_behavior_stage/build/planning_pkg_2025 -- -j20 -l20
[3.057s] colcon.colcon_core.event_handler.log_command DEBUG Invoking command in '/home/ubuntu/lhj_behavior_stage/build/local_pkg1': CONDA_PROMPT_MODIFIER=(base) PYTHONPATH=/home/ubuntu/lhj_behavior_stage/build/local_pkg1/prefix_override:/usr/lib/python3/dist-packages/colcon_core/task/python/colcon_distutils_commands:/home/ubuntu/lhj_behavior_stage/install/local_pkg1/lib/python3.10/site-packages:${PYTHONPATH} /usr/bin/python3 -W ignore:setup.py install is deprecated -W ignore:easy_install command is deprecated setup.py develop --editable --build-directory /home/ubuntu/lhj_behavior_stage/build/local_pkg1/build --no-deps symlink_data
[3.078s] colcon.colcon_core.event_handler.log_command DEBUG Invoking command in '/home/ubuntu/lhj_behavior_stage/build/erp_ros2_bridge': CONDA_PROMPT_MODIFIER=(base) PYTHONPATH=/home/ubuntu/lhj_behavior_stage/build/erp_ros2_bridge/prefix_override:/usr/lib/python3/dist-packages/colcon_core/task/python/colcon_distutils_commands:/home/ubuntu/lhj_behavior_stage/install/erp_ros2_bridge/lib/python3.10/site-packages:${PYTHONPATH} /usr/bin/python3 -W ignore:setup.py install is deprecated -W ignore:easy_install command is deprecated setup.py develop --editable --build-directory /home/ubuntu/lhj_behavior_stage/build/erp_ros2_bridge/build --no-deps symlink_data
[3.085s] colcon.colcon_core.event_handler.log_command DEBUG Invoking command in '/home/ubuntu/lhj_behavior_stage/build/wit_ros2_imu': CONDA_PROMPT_MODIFIER=(base) PYTHONPATH=/home/ubuntu/lhj_behavior_stage/build/wit_ros2_imu/prefix_override:/usr/lib/python3/dist-packages/colcon_core/task/python/colcon_distutils_commands:/home/ubuntu/lhj_behavior_stage/install/wit_ros2_imu/lib/python3.10/site-packages:${PYTHONPATH} /usr/bin/python3 -W ignore:setup.py install is deprecated -W ignore:easy_install command is deprecated setup.py develop --editable --build-directory /home/ubuntu/lhj_behavior_stage/build/wit_ros2_imu/build --no-deps symlink_data
[3.135s] colcon.colcon_core.event_handler.log_command DEBUG Invoking command in '/home/ubuntu/lhj_behavior_stage/build/erp42pro_interface': CONDA_PROMPT_MODIFIER=(base) PYTHONPATH=/home/ubuntu/lhj_behavior_stage/build/erp42pro_interface/prefix_override:/usr/lib/python3/dist-packages/colcon_core/task/python/colcon_distutils_commands:/home/ubuntu/lhj_behavior_stage/install/erp42pro_interface/lib/python3.10/site-packages:${PYTHONPATH} /usr/bin/python3 -W ignore:setup.py install is deprecated -W ignore:easy_install command is deprecated setup.py develop --editable --build-directory /home/ubuntu/lhj_behavior_stage/build/erp42pro_interface/build --no-deps symlink_data
[3.943s] colcon.colcon_core.shell Level 1 create_environment_hook('nmea_navsat_driver', 'pythonpath_develop')
[3.944s] colcon.colcon_core.shell INFO Creating environment hook '/home/ubuntu/lhj_behavior_stage/build/nmea_navsat_driver/src/share/nmea_navsat_driver/hook/pythonpath_develop.ps1'
[3.945s] colcon.colcon_core.event_handler.log_command DEBUG Invoked command in '/home/ubuntu/lhj_behavior_stage/build/nmea_navsat_driver' returned '0': CONDA_PROMPT_MODIFIER=(base) PYTHONPATH=/home/ubuntu/lhj_behavior_stage/build/nmea_navsat_driver/prefix_override:/usr/lib/python3/dist-packages/colcon_core/task/python/colcon_distutils_commands:/home/ubuntu/lhj_behavior_stage/install/nmea_navsat_driver/lib/python3.10/site-packages:${PYTHONPATH} /usr/bin/python3 -W ignore:setup.py install is deprecated -W ignore:easy_install command is deprecated setup.py develop --editable --build-directory /home/ubuntu/lhj_behavior_stage/build/nmea_navsat_driver/build --no-deps symlink_data
[3.945s] colcon.colcon_core.shell INFO Creating environment descriptor '/home/ubuntu/lhj_behavior_stage/build/nmea_navsat_driver/src/share/nmea_navsat_driver/hook/pythonpath_develop.dsv'
[3.945s] colcon.colcon_core.shell INFO Creating environment hook '/home/ubuntu/lhj_behavior_stage/build/nmea_navsat_driver/src/share/nmea_navsat_driver/hook/pythonpath_develop.sh'
[3.948s] colcon.colcon_core.environment Level 1 checking '/home/ubuntu/lhj_behavior_stage/install/nmea_navsat_driver' for CMake module files
[3.948s] colcon.colcon_core.environment Level 1 checking '/home/ubuntu/lhj_behavior_stage/install/nmea_navsat_driver' for CMake config files
[3.949s] colcon.colcon_core.environment Level 1 checking '/home/ubuntu/lhj_behavior_stage/install/nmea_navsat_driver/lib'
[3.949s] colcon.colcon_core.environment Level 1 checking '/home/ubuntu/lhj_behavior_stage/install/nmea_navsat_driver/bin'
[3.949s] colcon.colcon_core.environment Level 1 checking '/home/ubuntu/lhj_behavior_stage/install/nmea_navsat_driver/lib/pkgconfig/nmea_navsat_driver.pc'
[3.950s] colcon.colcon_core.environment Level 1 checking '/home/ubuntu/lhj_behavior_stage/install/nmea_navsat_driver/lib/python3.10/site-packages'
[3.950s] colcon.colcon_core.shell Level 1 create_environment_hook('nmea_navsat_driver', 'pythonpath')
[3.950s] colcon.colcon_core.shell INFO Creating environment hook '/home/ubuntu/lhj_behavior_stage/install/nmea_navsat_driver/share/nmea_navsat_driver/hook/pythonpath.ps1'
[3.951s] colcon.colcon_core.shell INFO Creating environment descriptor '/home/ubuntu/lhj_behavior_stage/install/nmea_navsat_driver/share/nmea_navsat_driver/hook/pythonpath.dsv'
[3.951s] colcon.colcon_core.shell INFO Creating environment hook '/home/ubuntu/lhj_behavior_stage/install/nmea_navsat_driver/share/nmea_navsat_driver/hook/pythonpath.sh'
[3.952s] colcon.colcon_core.environment Level 1 checking '/home/ubuntu/lhj_behavior_stage/install/nmea_navsat_driver/bin'
[3.952s] colcon.colcon_core.environment Level 1 create_environment_scripts_only(nmea_navsat_driver)
[3.952s] colcon.colcon_core.shell INFO Creating package script '/home/ubuntu/lhj_behavior_stage/install/nmea_navsat_driver/share/nmea_navsat_driver/package.ps1'
[3.954s] colcon.colcon_core.shell INFO Creating package descriptor '/home/ubuntu/lhj_behavior_stage/install/nmea_navsat_driver/share/nmea_navsat_driver/package.dsv'
[3.954s] colcon.colcon_core.shell INFO Creating package script '/home/ubuntu/lhj_behavior_stage/install/nmea_navsat_driver/share/nmea_navsat_driver/package.sh'
[3.955s] colcon.colcon_core.shell INFO Creating package script '/home/ubuntu/lhj_behavior_stage/install/nmea_navsat_driver/share/nmea_navsat_driver/package.bash'
[3.956s] colcon.colcon_core.shell INFO Creating package script '/home/ubuntu/lhj_behavior_stage/install/nmea_navsat_driver/share/nmea_navsat_driver/package.zsh'
[3.959s] colcon.colcon_core.environment Level 1 create_file_with_runtime_dependencies(/home/ubuntu/lhj_behavior_stage/install/nmea_navsat_driver/share/colcon-core/packages/nmea_navsat_driver)
[4.024s] colcon.colcon_core.shell Level 1 create_environment_hook('traffic_sign_perception', 'pythonpath_develop')
[4.025s] colcon.colcon_core.shell INFO Creating environment hook '/home/ubuntu/lhj_behavior_stage/build/traffic_sign_perception/share/traffic_sign_perception/hook/pythonpath_develop.ps1'
[4.026s] colcon.colcon_core.event_handler.log_command DEBUG Invoked command in '/home/ubuntu/lhj_behavior_stage/build/traffic_sign_perception' returned '0': CONDA_PROMPT_MODIFIER=(base) PYTHONPATH=/home/ubuntu/lhj_behavior_stage/build/traffic_sign_perception/prefix_override:/usr/lib/python3/dist-packages/colcon_core/task/python/colcon_distutils_commands:/home/ubuntu/lhj_behavior_stage/install/traffic_sign_perception/lib/python3.10/site-packages:${PYTHONPATH} /usr/bin/python3 -W ignore:setup.py install is deprecated -W ignore:easy_install command is deprecated setup.py develop --editable --build-directory /home/ubuntu/lhj_behavior_stage/build/traffic_sign_perception/build --no-deps symlink_data
[4.026s] colcon.colcon_core.shell INFO Creating environment descriptor '/home/ubuntu/lhj_behavior_stage/build/traffic_sign_perception/share/traffic_sign_perception/hook/pythonpath_develop.dsv'
[4.026s] colcon.colcon_core.shell INFO Creating environment hook '/home/ubuntu/lhj_behavior_stage/build/traffic_sign_perception/share/traffic_sign_perception/hook/pythonpath_develop.sh'
[4.027s] colcon.colcon_core.environment Level 1 checking '/home/ubuntu/lhj_behavior_stage/install/traffic_sign_perception' for CMake module files
[4.027s] colcon.colcon_core.environment Level 1 checking '/home/ubuntu/lhj_behavior_stage/install/traffic_sign_perception' for CMake config files
[4.028s] colcon.colcon_core.environment Level 1 checking '/home/ubuntu/lhj_behavior_stage/install/traffic_sign_perception/lib'
[4.028s] colcon.colcon_core.environment Level 1 checking '/home/ubuntu/lhj_behavior_stage/install/traffic_sign_perception/bin'
[4.028s] colcon.colcon_core.environment Level 1 checking '/home/ubuntu/lhj_behavior_stage/install/traffic_sign_perception/lib/pkgconfig/traffic_sign_perception.pc'
[4.028s] colcon.colcon_core.environment Level 1 checking '/home/ubuntu/lhj_behavior_stage/install/traffic_sign_perception/lib/python3.10/site-packages'
[4.028s] colcon.colcon_core.shell Level 1 create_environment_hook('traffic_sign_perception', 'pythonpath')
[4.028s] colcon.colcon_core.shell INFO Creating environment hook '/home/ubuntu/lhj_behavior_stage/install/traffic_sign_perception/share/traffic_sign_perception/hook/pythonpath.ps1'
[4.029s] colcon.colcon_core.shell INFO Creating environment descriptor '/home/ubuntu/lhj_behavior_stage/install/traffic_sign_perception/share/traffic_sign_perception/hook/pythonpath.dsv'
[4.029s] colcon.colcon_core.shell INFO Creating environment hook '/home/ubuntu/lhj_behavior_stage/install/traffic_sign_perception/share/traffic_sign_perception/hook/pythonpath.sh'
[4.030s] colcon.colcon_core.environment Level 1 checking '/home/ubuntu/lhj_behavior_stage/install/traffic_sign_perception/bin'
[4.030s] colcon.colcon_core.environment Level 1 create_environment_scripts_only(traffic_sign_perception)
[4.030s] colcon.colcon_core.shell INFO Creating package script '/home/ubuntu/lhj_behavior_stage/install/traffic_sign_perception/share/traffic_sign_perception/package.ps1'
[4.031s] colcon.colcon_core.shell INFO Creating package descriptor '/home/ubuntu/lhj_behavior_stage/install/traffic_sign_perception/share/traffic_sign_perception/package.dsv'
[4.031s] colcon.colcon_core.shell INFO Creating package script '/home/ubuntu/lhj_behavior_stage/install/traffic_sign_perception/share/traffic_sign_perception/package.sh'
[4.032s] colcon.colcon_core.shell INFO Creating package script '/home/ubuntu/lhj_behavior_stage/install/traffic_sign_perception/share/traffic_sign_perception/package.bash'
[4.032s] colcon.colcon_core.shell INFO Creating package script '/home/ubuntu/lhj_behavior_stage/install/traffic_sign_perception/share/traffic_sign_perception/package.zsh'
[4.032s] colcon.colcon_core.environment Level 1 create_file_with_runtime_dependencies(/home/ubuntu/lhj_behavior_stage/install/traffic_sign_perception/share/colcon-core/packages/traffic_sign_perception)
[4.124s] colcon.colcon_core.shell Level 1 create_environment_hook('local_pkg1', 'pythonpath_develop')
[4.125s] colcon.colcon_core.shell INFO Creating environment hook '/home/ubuntu/lhj_behavior_stage/build/local_pkg1/share/local_pkg1/hook/pythonpath_develop.ps1'
[4.126s] colcon.colcon_core.event_handler.log_command DEBUG Invoked command in '/home/ubuntu/lhj_behavior_stage/build/local_pkg1' returned '0': CONDA_PROMPT_MODIFIER=(base) PYTHONPATH=/home/ubuntu/lhj_behavior_stage/build/local_pkg1/prefix_override:/usr/lib/python3/dist-packages/colcon_core/task/python/colcon_distutils_commands:/home/ubuntu/lhj_behavior_stage/install/local_pkg1/lib/python3.10/site-packages:${PYTHONPATH} /usr/bin/python3 -W ignore:setup.py install is deprecated -W ignore:easy_install command is deprecated setup.py develop --editable --build-directory /home/ubuntu/lhj_behavior_stage/build/local_pkg1/build --no-deps symlink_data
[4.126s] colcon.colcon_core.shell INFO Creating environment descriptor '/home/ubuntu/lhj_behavior_stage/build/local_pkg1/share/local_pkg1/hook/pythonpath_develop.dsv'
[4.127s] colcon.colcon_core.shell INFO Creating environment hook '/home/ubuntu/lhj_behavior_stage/build/local_pkg1/share/local_pkg1/hook/pythonpath_develop.sh'
[4.128s] colcon.colcon_core.environment Level 1 checking '/home/ubuntu/lhj_behavior_stage/install/local_pkg1' for CMake module files
[4.128s] colcon.colcon_core.environment Level 1 checking '/home/ubuntu/lhj_behavior_stage/install/local_pkg1' for CMake config files
[4.129s] colcon.colcon_core.environment Level 1 checking '/home/ubuntu/lhj_behavior_stage/install/local_pkg1/lib'
[4.129s] colcon.colcon_core.environment Level 1 checking '/home/ubuntu/lhj_behavior_stage/install/local_pkg1/bin'
[4.129s] colcon.colcon_core.environment Level 1 checking '/home/ubuntu/lhj_behavior_stage/install/local_pkg1/lib/pkgconfig/local_pkg1.pc'
[4.129s] colcon.colcon_core.environment Level 1 checking '/home/ubuntu/lhj_behavior_stage/install/local_pkg1/lib/python3.10/site-packages'
[4.129s] colcon.colcon_core.shell Level 1 create_environment_hook('local_pkg1', 'pythonpath')
[4.130s] colcon.colcon_core.shell INFO Creating environment hook '/home/ubuntu/lhj_behavior_stage/install/local_pkg1/share/local_pkg1/hook/pythonpath.ps1'
[4.131s] colcon.colcon_core.shell INFO Creating environment descriptor '/home/ubuntu/lhj_behavior_stage/install/local_pkg1/share/local_pkg1/hook/pythonpath.dsv'
[4.131s] colcon.colcon_core.shell INFO Creating environment hook '/home/ubuntu/lhj_behavior_stage/install/local_pkg1/share/local_pkg1/hook/pythonpath.sh'
[4.132s] colcon.colcon_core.environment Level 1 checking '/home/ubuntu/lhj_behavior_stage/install/local_pkg1/bin'
[4.132s] colcon.colcon_core.environment Level 1 create_environment_scripts_only(local_pkg1)
[4.133s] colcon.colcon_core.shell INFO Creating package script '/home/ubuntu/lhj_behavior_stage/install/local_pkg1/share/local_pkg1/package.ps1'
[4.134s] colcon.colcon_core.shell INFO Creating package descriptor '/home/ubuntu/lhj_behavior_stage/install/local_pkg1/share/local_pkg1/package.dsv'
[4.135s] colcon.colcon_core.shell INFO Creating package script '/home/ubuntu/lhj_behavior_stage/install/local_pkg1/share/local_pkg1/package.sh'
[4.136s] colcon.colcon_core.shell INFO Creating package script '/home/ubuntu/lhj_behavior_stage/install/local_pkg1/share/local_pkg1/package.bash'
[4.137s] colcon.colcon_core.shell INFO Creating package script '/home/ubuntu/lhj_behavior_stage/install/local_pkg1/share/local_pkg1/package.zsh'
[4.138s] colcon.colcon_core.environment Level 1 create_file_with_runtime_dependencies(/home/ubuntu/lhj_behavior_stage/install/local_pkg1/share/colcon-core/packages/local_pkg1)
[4.175s] colcon.colcon_core.shell Level 1 create_environment_hook('erp42pro_interface', 'pythonpath_develop')
[4.176s] colcon.colcon_core.shell INFO Creating environment hook '/home/ubuntu/lhj_behavior_stage/build/erp42pro_interface/share/erp42pro_interface/hook/pythonpath_develop.ps1'
[4.177s] colcon.colcon_core.event_handler.log_command DEBUG Invoked command in '/home/ubuntu/lhj_behavior_stage/build/erp42pro_interface' returned '0': CONDA_PROMPT_MODIFIER=(base) PYTHONPATH=/home/ubuntu/lhj_behavior_stage/build/erp42pro_interface/prefix_override:/usr/lib/python3/dist-packages/colcon_core/task/python/colcon_distutils_commands:/home/ubuntu/lhj_behavior_stage/install/erp42pro_interface/lib/python3.10/site-packages:${PYTHONPATH} /usr/bin/python3 -W ignore:setup.py install is deprecated -W ignore:easy_install command is deprecated setup.py develop --editable --build-directory /home/ubuntu/lhj_behavior_stage/build/erp42pro_interface/build --no-deps symlink_data
[4.178s] colcon.colcon_core.shell INFO Creating environment descriptor '/home/ubuntu/lhj_behavior_stage/build/erp42pro_interface/share/erp42pro_interface/hook/pythonpath_develop.dsv'
[4.178s] colcon.colcon_core.shell INFO Creating environment hook '/home/ubuntu/lhj_behavior_stage/build/erp42pro_interface/share/erp42pro_interface/hook/pythonpath_develop.sh'
[4.179s] colcon.colcon_core.environment Level 1 checking '/home/ubuntu/lhj_behavior_stage/install/erp42pro_interface' for CMake module files
[4.180s] colcon.colcon_core.environment Level 1 checking '/home/ubuntu/lhj_behavior_stage/install/erp42pro_interface' for CMake config files
[4.181s] colcon.colcon_core.environment Level 1 checking '/home/ubuntu/lhj_behavior_stage/install/erp42pro_interface/lib'
[4.181s] colcon.colcon_core.environment Level 1 checking '/home/ubuntu/lhj_behavior_stage/install/erp42pro_interface/bin'
[4.182s] colcon.colcon_core.environment Level 1 checking '/home/ubuntu/lhj_behavior_stage/install/erp42pro_interface/lib/pkgconfig/erp42pro_interface.pc'
[4.182s] colcon.colcon_core.environment Level 1 checking '/home/ubuntu/lhj_behavior_stage/install/erp42pro_interface/lib/python3.10/site-packages'
[4.182s] colcon.colcon_core.shell Level 1 create_environment_hook('erp42pro_interface', 'pythonpath')
[4.183s] colcon.colcon_core.shell INFO Creating environment hook '/home/ubuntu/lhj_behavior_stage/install/erp42pro_interface/share/erp42pro_interface/hook/pythonpath.ps1'
[4.184s] colcon.colcon_core.shell INFO Creating environment descriptor '/home/ubuntu/lhj_behavior_stage/install/erp42pro_interface/share/erp42pro_interface/hook/pythonpath.dsv'
[4.185s] colcon.colcon_core.shell INFO Creating environment hook '/home/ubuntu/lhj_behavior_stage/install/erp42pro_interface/share/erp42pro_interface/hook/pythonpath.sh'
[4.186s] colcon.colcon_core.environment Level 1 checking '/home/ubuntu/lhj_behavior_stage/install/erp42pro_interface/bin'
[4.186s] colcon.colcon_core.environment Level 1 create_environment_scripts_only(erp42pro_interface)
[4.187s] colcon.colcon_core.shell INFO Creating package script '/home/ubuntu/lhj_behavior_stage/install/erp42pro_interface/share/erp42pro_interface/package.ps1'
[4.188s] colcon.colcon_core.shell INFO Creating package descriptor '/home/ubuntu/lhj_behavior_stage/install/erp42pro_interface/share/erp42pro_interface/package.dsv'
[4.189s] colcon.colcon_core.shell INFO Creating package script '/home/ubuntu/lhj_behavior_stage/install/erp42pro_interface/share/erp42pro_interface/package.sh'
[4.190s] colcon.colcon_core.shell INFO Creating package script '/home/ubuntu/lhj_behavior_stage/install/erp42pro_interface/share/erp42pro_interface/package.bash'
[4.191s] colcon.colcon_core.shell INFO Creating package script '/home/ubuntu/lhj_behavior_stage/install/erp42pro_interface/share/erp42pro_interface/package.zsh'
[4.191s] colcon.colcon_core.environment Level 1 create_file_with_runtime_dependencies(/home/ubuntu/lhj_behavior_stage/install/erp42pro_interface/share/colcon-core/packages/erp42pro_interface)
[4.239s] colcon.colcon_core.shell Level 1 create_environment_hook('erp_ros2_bridge', 'pythonpath_develop')
[4.240s] colcon.colcon_core.shell INFO Creating environment hook '/home/ubuntu/lhj_behavior_stage/build/erp_ros2_bridge/share/erp_ros2_bridge/hook/pythonpath_develop.ps1'
[4.240s] colcon.colcon_core.event_handler.log_command DEBUG Invoked command in '/home/ubuntu/lhj_behavior_stage/build/erp_ros2_bridge' returned '0': CONDA_PROMPT_MODIFIER=(base) PYTHONPATH=/home/ubuntu/lhj_behavior_stage/build/erp_ros2_bridge/prefix_override:/usr/lib/python3/dist-packages/colcon_core/task/python/colcon_distutils_commands:/home/ubuntu/lhj_behavior_stage/install/erp_ros2_bridge/lib/python3.10/site-packages:${PYTHONPATH} /usr/bin/python3 -W ignore:setup.py install is deprecated -W ignore:easy_install command is deprecated setup.py develop --editable --build-directory /home/ubuntu/lhj_behavior_stage/build/erp_ros2_bridge/build --no-deps symlink_data
[4.241s] colcon.colcon_core.shell INFO Creating environment descriptor '/home/ubuntu/lhj_behavior_stage/build/erp_ros2_bridge/share/erp_ros2_bridge/hook/pythonpath_develop.dsv'
[4.242s] colcon.colcon_core.shell INFO Creating environment hook '/home/ubuntu/lhj_behavior_stage/build/erp_ros2_bridge/share/erp_ros2_bridge/hook/pythonpath_develop.sh'
[4.242s] colcon.colcon_core.environment Level 1 checking '/home/ubuntu/lhj_behavior_stage/install/erp_ros2_bridge' for CMake module files
[4.243s] colcon.colcon_core.environment Level 1 checking '/home/ubuntu/lhj_behavior_stage/install/erp_ros2_bridge' for CMake config files
[4.244s] colcon.colcon_core.environment Level 1 checking '/home/ubuntu/lhj_behavior_stage/install/erp_ros2_bridge/lib'
[4.244s] colcon.colcon_core.environment Level 1 checking '/home/ubuntu/lhj_behavior_stage/install/erp_ros2_bridge/bin'
[4.244s] colcon.colcon_core.environment Level 1 checking '/home/ubuntu/lhj_behavior_stage/install/erp_ros2_bridge/lib/pkgconfig/erp_ros2_bridge.pc'
[4.244s] colcon.colcon_core.environment Level 1 checking '/home/ubuntu/lhj_behavior_stage/install/erp_ros2_bridge/lib/python3.10/site-packages'
[4.244s] colcon.colcon_core.shell Level 1 create_environment_hook('erp_ros2_bridge', 'pythonpath')
[4.245s] colcon.colcon_core.shell INFO Creating environment hook '/home/ubuntu/lhj_behavior_stage/install/erp_ros2_bridge/share/erp_ros2_bridge/hook/pythonpath.ps1'
[4.245s] colcon.colcon_core.shell INFO Creating environment descriptor '/home/ubuntu/lhj_behavior_stage/install/erp_ros2_bridge/share/erp_ros2_bridge/hook/pythonpath.dsv'
[4.246s] colcon.colcon_core.shell INFO Creating environment hook '/home/ubuntu/lhj_behavior_stage/install/erp_ros2_bridge/share/erp_ros2_bridge/hook/pythonpath.sh'
[4.247s] colcon.colcon_core.environment Level 1 checking '/home/ubuntu/lhj_behavior_stage/install/erp_ros2_bridge/bin'
[4.247s] colcon.colcon_core.environment Level 1 create_environment_scripts_only(erp_ros2_bridge)
[4.248s] colcon.colcon_core.shell INFO Creating package script '/home/ubuntu/lhj_behavior_stage/install/erp_ros2_bridge/share/erp_ros2_bridge/package.ps1'
[4.249s] colcon.colcon_core.shell INFO Creating package descriptor '/home/ubuntu/lhj_behavior_stage/install/erp_ros2_bridge/share/erp_ros2_bridge/package.dsv'
[4.249s] colcon.colcon_core.shell INFO Creating package script '/home/ubuntu/lhj_behavior_stage/install/erp_ros2_bridge/share/erp_ros2_bridge/package.sh'
[4.250s] colcon.colcon_core.shell INFO Creating package script '/home/ubuntu/lhj_behavior_stage/install/erp_ros2_bridge/share/erp_ros2_bridge/package.bash'
[4.251s] colcon.colcon_core.shell INFO Creating package script '/home/ubuntu/lhj_behavior_stage/install/erp_ros2_bridge/share/erp_ros2_bridge/package.zsh'
[4.251s] colcon.colcon_core.environment Level 1 create_file_with_runtime_dependencies(/home/ubuntu/lhj_behavior_stage/install/erp_ros2_bridge/share/colcon-core/packages/erp_ros2_bridge)
[4.252s] colcon.colcon_core.shell Level 1 create_environment_hook('wit_ros2_imu', 'pythonpath_develop')
[4.252s] colcon.colcon_core.shell INFO Creating environment hook '/home/ubuntu/lhj_behavior_stage/build/wit_ros2_imu/share/wit_ros2_imu/hook/pythonpath_develop.ps1'
[4.253s] colcon.colcon_core.event_handler.log_command DEBUG Invoked command in '/home/ubuntu/lhj_behavior_stage/build/wit_ros2_imu' returned '0': CONDA_PROMPT_MODIFIER=(base) PYTHONPATH=/home/ubuntu/lhj_behavior_stage/build/wit_ros2_imu/prefix_override:/usr/lib/python3/dist-packages/colcon_core/task/python/colcon_distutils_commands:/home/ubuntu/lhj_behavior_stage/install/wit_ros2_imu/lib/python3.10/site-packages:${PYTHONPATH} /usr/bin/python3 -W ignore:setup.py install is deprecated -W ignore:easy_install command is deprecated setup.py develop --editable --build-directory /home/ubuntu/lhj_behavior_stage/build/wit_ros2_imu/build --no-deps symlink_data
[4.253s] colcon.colcon_core.shell INFO Creating environment descriptor '/home/ubuntu/lhj_behavior_stage/build/wit_ros2_imu/share/wit_ros2_imu/hook/pythonpath_develop.dsv'
[4.254s] colcon.colcon_core.shell INFO Creating environment hook '/home/ubuntu/lhj_behavior_stage/build/wit_ros2_imu/share/wit_ros2_imu/hook/pythonpath_develop.sh'
[4.255s] colcon.colcon_core.environment Level 1 checking '/home/ubuntu/lhj_behavior_stage/install/wit_ros2_imu' for CMake module files
[4.255s] colcon.colcon_core.environment Level 1 checking '/home/ubuntu/lhj_behavior_stage/install/wit_ros2_imu' for CMake config files
[4.256s] colcon.colcon_core.environment Level 1 checking '/home/ubuntu/lhj_behavior_stage/install/wit_ros2_imu/lib'
[4.256s] colcon.colcon_core.environment Level 1 checking '/home/ubuntu/lhj_behavior_stage/install/wit_ros2_imu/bin'
[4.257s] colcon.colcon_core.environment Level 1 checking '/home/ubuntu/lhj_behavior_stage/install/wit_ros2_imu/lib/pkgconfig/wit_ros2_imu.pc'
[4.257s] colcon.colcon_core.environment Level 1 checking '/home/ubuntu/lhj_behavior_stage/install/wit_ros2_imu/lib/python3.10/site-packages'
[4.257s] colcon.colcon_core.shell Level 1 create_environment_hook('wit_ros2_imu', 'pythonpath')
[4.258s] colcon.colcon_core.shell INFO Creating environment hook '/home/ubuntu/lhj_behavior_stage/install/wit_ros2_imu/share/wit_ros2_imu/hook/pythonpath.ps1'
[4.258s] colcon.colcon_core.shell INFO Creating environment descriptor '/home/ubuntu/lhj_behavior_stage/install/wit_ros2_imu/share/wit_ros2_imu/hook/pythonpath.dsv'
[4.259s] colcon.colcon_core.shell INFO Creating environment hook '/home/ubuntu/lhj_behavior_stage/install/wit_ros2_imu/share/wit_ros2_imu/hook/pythonpath.sh'
[4.260s] colcon.colcon_core.environment Level 1 checking '/home/ubuntu/lhj_behavior_stage/install/wit_ros2_imu/bin'
[4.260s] colcon.colcon_core.environment Level 1 create_environment_scripts_only(wit_ros2_imu)
[4.261s] colcon.colcon_core.shell INFO Creating package script '/home/ubuntu/lhj_behavior_stage/install/wit_ros2_imu/share/wit_ros2_imu/package.ps1'
[4.262s] colcon.colcon_core.shell INFO Creating package descriptor '/home/ubuntu/lhj_behavior_stage/install/wit_ros2_imu/share/wit_ros2_imu/package.dsv'
[4.262s] colcon.colcon_core.shell INFO Creating package script '/home/ubuntu/lhj_behavior_stage/install/wit_ros2_imu/share/wit_ros2_imu/package.sh'
[4.263s] colcon.colcon_core.shell INFO Creating package script '/home/ubuntu/lhj_behavior_stage/install/wit_ros2_imu/share/wit_ros2_imu/package.bash'
[4.264s] colcon.colcon_core.shell INFO Creating package script '/home/ubuntu/lhj_behavior_stage/install/wit_ros2_imu/share/wit_ros2_imu/package.zsh'
[4.264s] colcon.colcon_core.environment Level 1 create_file_with_runtime_dependencies(/home/ubuntu/lhj_behavior_stage/install/wit_ros2_imu/share/colcon-core/packages/wit_ros2_imu)
[5.006s] colcon.colcon_core.event_handler.log_command DEBUG Invoked command in '/home/ubuntu/lhj_behavior_stage/build/lidar' returned '0': CMAKE_PREFIX_PATH=${CMAKE_PREFIX_PATH}:/home/ubuntu/robot_ws/install/vla_data_collector:/home/ubuntu/robot_ws/install/openvla_doosan_runtime_async:/home/ubuntu/robot_ws/install/openvla_doosan_runtime:/home/ubuntu/robot_ws/install/dsr_visualservoing:/home/ubuntu/robot_ws/install/dsr_tests:/home/ubuntu/robot_ws/install/dsr_bringup2:/home/ubuntu/robot_ws/install/dsr_example:/opt/ros/humble CONDA_PROMPT_MODIFIER=(base) /usr/bin/cmake /home/ubuntu/lhj_behavior_stage/src/lidar -DAMENT_CMAKE_SYMLINK_INSTALL=1 -DCMAKE_INSTALL_PREFIX=/home/ubuntu/lhj_behavior_stage/install/lidar
[5.008s] colcon.colcon_core.event_handler.log_command DEBUG Invoking command in '/home/ubuntu/lhj_behavior_stage/build/lidar': CMAKE_PREFIX_PATH=${CMAKE_PREFIX_PATH}:/home/ubuntu/robot_ws/install/vla_data_collector:/home/ubuntu/robot_ws/install/openvla_doosan_runtime_async:/home/ubuntu/robot_ws/install/openvla_doosan_runtime:/home/ubuntu/robot_ws/install/dsr_visualservoing:/home/ubuntu/robot_ws/install/dsr_tests:/home/ubuntu/robot_ws/install/dsr_bringup2:/home/ubuntu/robot_ws/install/dsr_example:/opt/ros/humble CONDA_PROMPT_MODIFIER=(base) /usr/bin/cmake --build /home/ubuntu/lhj_behavior_stage/build/lidar -- -j20 -l20
[19.807s] colcon.colcon_core.event_handler.log_command DEBUG Invoked command in '/home/ubuntu/lhj_behavior_stage/build/kroad_planning_utm_pkg' returned '0': CMAKE_PREFIX_PATH=${CMAKE_PREFIX_PATH}:/home/ubuntu/robot_ws/install/vla_data_collector:/home/ubuntu/robot_ws/install/openvla_doosan_runtime_async:/home/ubuntu/robot_ws/install/openvla_doosan_runtime:/home/ubuntu/robot_ws/install/dsr_visualservoing:/home/ubuntu/robot_ws/install/dsr_tests:/home/ubuntu/robot_ws/install/dsr_bringup2:/home/ubuntu/robot_ws/install/dsr_example:/opt/ros/humble CONDA_PROMPT_MODIFIER=(base) /usr/bin/cmake --build /home/ubuntu/lhj_behavior_stage/build/kroad_planning_utm_pkg -- -j20 -l20
[19.816s] colcon.colcon_core.event_handler.log_command DEBUG Invoking command in '/home/ubuntu/lhj_behavior_stage/build/kroad_planning_utm_pkg': CMAKE_PREFIX_PATH=${CMAKE_PREFIX_PATH}:/home/ubuntu/robot_ws/install/vla_data_collector:/home/ubuntu/robot_ws/install/openvla_doosan_runtime_async:/home/ubuntu/robot_ws/install/openvla_doosan_runtime:/home/ubuntu/robot_ws/install/dsr_visualservoing:/home/ubuntu/robot_ws/install/dsr_tests:/home/ubuntu/robot_ws/install/dsr_bringup2:/home/ubuntu/robot_ws/install/dsr_example:/opt/ros/humble CONDA_PROMPT_MODIFIER=(base) /usr/bin/cmake --install /home/ubuntu/lhj_behavior_stage/build/kroad_planning_utm_pkg
[21.808s] colcon.colcon_core.environment Level 1 create_environment_scripts_only(kroad_planning_utm_pkg)
[21.809s] colcon.colcon_core.environment Level 1 checking '/home/ubuntu/lhj_behavior_stage/install/kroad_planning_utm_pkg' for CMake module files
[21.809s] colcon.colcon_core.event_handler.log_command DEBUG Invoked command in '/home/ubuntu/lhj_behavior_stage/build/kroad_planning_utm_pkg' returned '0': CMAKE_PREFIX_PATH=${CMAKE_PREFIX_PATH}:/home/ubuntu/robot_ws/install/vla_data_collector:/home/ubuntu/robot_ws/install/openvla_doosan_runtime_async:/home/ubuntu/robot_ws/install/openvla_doosan_runtime:/home/ubuntu/robot_ws/install/dsr_visualservoing:/home/ubuntu/robot_ws/install/dsr_tests:/home/ubuntu/robot_ws/install/dsr_bringup2:/home/ubuntu/robot_ws/install/dsr_example:/opt/ros/humble CONDA_PROMPT_MODIFIER=(base) /usr/bin/cmake --install /home/ubuntu/lhj_behavior_stage/build/kroad_planning_utm_pkg
[21.810s] colcon.colcon_core.environment Level 1 checking '/home/ubuntu/lhj_behavior_stage/install/kroad_planning_utm_pkg' for CMake config files
[21.810s] colcon.colcon_core.shell Level 1 create_environment_hook('kroad_planning_utm_pkg', 'cmake_prefix_path')
[21.810s] colcon.colcon_core.shell INFO Creating environment hook '/home/ubuntu/lhj_behavior_stage/install/kroad_planning_utm_pkg/share/kroad_planning_utm_pkg/hook/cmake_prefix_path.ps1'
[21.810s] colcon.colcon_core.shell INFO Creating environment descriptor '/home/ubuntu/lhj_behavior_stage/install/kroad_planning_utm_pkg/share/kroad_planning_utm_pkg/hook/cmake_prefix_path.dsv'
[21.811s] colcon.colcon_core.shell INFO Creating environment hook '/home/ubuntu/lhj_behavior_stage/install/kroad_planning_utm_pkg/share/kroad_planning_utm_pkg/hook/cmake_prefix_path.sh'
[21.811s] colcon.colcon_core.environment Level 1 checking '/home/ubuntu/lhj_behavior_stage/install/kroad_planning_utm_pkg/lib'
[21.811s] colcon.colcon_core.environment Level 1 checking '/home/ubuntu/lhj_behavior_stage/install/kroad_planning_utm_pkg/bin'
[21.811s] colcon.colcon_core.environment Level 1 checking '/home/ubuntu/lhj_behavior_stage/install/kroad_planning_utm_pkg/lib/pkgconfig/kroad_planning_utm_pkg.pc'
[21.812s] colcon.colcon_core.environment Level 1 checking '/home/ubuntu/lhj_behavior_stage/install/kroad_planning_utm_pkg/lib/python3.10/site-packages'
[21.812s] colcon.colcon_core.environment Level 1 checking '/home/ubuntu/lhj_behavior_stage/install/kroad_planning_utm_pkg/bin'
[21.812s] colcon.colcon_core.shell INFO Creating package script '/home/ubuntu/lhj_behavior_stage/install/kroad_planning_utm_pkg/share/kroad_planning_utm_pkg/package.ps1'
[21.813s] colcon.colcon_core.shell INFO Creating package descriptor '/home/ubuntu/lhj_behavior_stage/install/kroad_planning_utm_pkg/share/kroad_planning_utm_pkg/package.dsv'
[21.813s] colcon.colcon_core.shell INFO Creating package script '/home/ubuntu/lhj_behavior_stage/install/kroad_planning_utm_pkg/share/kroad_planning_utm_pkg/package.sh'
[21.813s] colcon.colcon_core.shell INFO Creating package script '/home/ubuntu/lhj_behavior_stage/install/kroad_planning_utm_pkg/share/kroad_planning_utm_pkg/package.bash'
[21.814s] colcon.colcon_core.shell INFO Creating package script '/home/ubuntu/lhj_behavior_stage/install/kroad_planning_utm_pkg/share/kroad_planning_utm_pkg/package.zsh'
[21.814s] colcon.colcon_core.environment Level 1 create_file_with_runtime_dependencies(/home/ubuntu/lhj_behavior_stage/install/kroad_planning_utm_pkg/share/colcon-core/packages/kroad_planning_utm_pkg)
[21.815s] colcon.colcon_core.environment Level 1 create_environment_scripts_only(kroad_planning_utm_pkg)
[21.815s] colcon.colcon_core.environment Level 1 checking '/home/ubuntu/lhj_behavior_stage/install/kroad_planning_utm_pkg' for CMake module files
[21.815s] colcon.colcon_core.environment Level 1 checking '/home/ubuntu/lhj_behavior_stage/install/kroad_planning_utm_pkg' for CMake config files
[21.816s] colcon.colcon_core.shell Level 1 create_environment_hook('kroad_planning_utm_pkg', 'cmake_prefix_path')
[21.816s] colcon.colcon_core.shell INFO Creating environment hook '/home/ubuntu/lhj_behavior_stage/install/kroad_planning_utm_pkg/share/kroad_planning_utm_pkg/hook/cmake_prefix_path.ps1'
[21.816s] colcon.colcon_core.shell INFO Creating environment descriptor '/home/ubuntu/lhj_behavior_stage/install/kroad_planning_utm_pkg/share/kroad_planning_utm_pkg/hook/cmake_prefix_path.dsv'
[21.819s] colcon.colcon_core.shell INFO Creating environment hook '/home/ubuntu/lhj_behavior_stage/install/kroad_planning_utm_pkg/share/kroad_planning_utm_pkg/hook/cmake_prefix_path.sh'
[21.820s] colcon.colcon_core.environment Level 1 checking '/home/ubuntu/lhj_behavior_stage/install/kroad_planning_utm_pkg/lib'
[21.820s] colcon.colcon_core.environment Level 1 checking '/home/ubuntu/lhj_behavior_stage/install/kroad_planning_utm_pkg/bin'
[21.820s] colcon.colcon_core.environment Level 1 checking '/home/ubuntu/lhj_behavior_stage/install/kroad_planning_utm_pkg/lib/pkgconfig/kroad_planning_utm_pkg.pc'
[21.820s] colcon.colcon_core.environment Level 1 checking '/home/ubuntu/lhj_behavior_stage/install/kroad_planning_utm_pkg/lib/python3.10/site-packages'
[21.821s] colcon.colcon_core.environment Level 1 checking '/home/ubuntu/lhj_behavior_stage/install/kroad_planning_utm_pkg/bin'
[21.821s] colcon.colcon_core.shell INFO Creating package script '/home/ubuntu/lhj_behavior_stage/install/kroad_planning_utm_pkg/share/kroad_planning_utm_pkg/package.ps1'
[21.822s] colcon.colcon_core.shell INFO Creating package descriptor '/home/ubuntu/lhj_behavior_stage/install/kroad_planning_utm_pkg/share/kroad_planning_utm_pkg/package.dsv'
[21.822s] colcon.colcon_core.shell INFO Creating package script '/home/ubuntu/lhj_behavior_stage/install/kroad_planning_utm_pkg/share/kroad_planning_utm_pkg/package.sh'
[21.822s] colcon.colcon_core.shell INFO Creating package script '/home/ubuntu/lhj_behavior_stage/install/kroad_planning_utm_pkg/share/kroad_planning_utm_pkg/package.bash'
[21.823s] colcon.colcon_core.shell INFO Creating package script '/home/ubuntu/lhj_behavior_stage/install/kroad_planning_utm_pkg/share/kroad_planning_utm_pkg/package.zsh'
[21.823s] colcon.colcon_core.environment Level 1 create_file_with_runtime_dependencies(/home/ubuntu/lhj_behavior_stage/install/kroad_planning_utm_pkg/share/colcon-core/packages/kroad_planning_utm_pkg)
[23.292s] colcon.colcon_core.event_handler.log_command DEBUG Invoked command in '/home/ubuntu/lhj_behavior_stage/build/lidar' returned '0': CMAKE_PREFIX_PATH=${CMAKE_PREFIX_PATH}:/home/ubuntu/robot_ws/install/vla_data_collector:/home/ubuntu/robot_ws/install/openvla_doosan_runtime_async:/home/ubuntu/robot_ws/install/openvla_doosan_runtime:/home/ubuntu/robot_ws/install/dsr_visualservoing:/home/ubuntu/robot_ws/install/dsr_tests:/home/ubuntu/robot_ws/install/dsr_bringup2:/home/ubuntu/robot_ws/install/dsr_example:/opt/ros/humble CONDA_PROMPT_MODIFIER=(base) /usr/bin/cmake --build /home/ubuntu/lhj_behavior_stage/build/lidar -- -j20 -l20
[23.293s] colcon.colcon_core.event_handler.log_command DEBUG Invoking command in '/home/ubuntu/lhj_behavior_stage/build/lidar': CMAKE_PREFIX_PATH=${CMAKE_PREFIX_PATH}:/home/ubuntu/robot_ws/install/vla_data_collector:/home/ubuntu/robot_ws/install/openvla_doosan_runtime_async:/home/ubuntu/robot_ws/install/openvla_doosan_runtime:/home/ubuntu/robot_ws/install/dsr_visualservoing:/home/ubuntu/robot_ws/install/dsr_tests:/home/ubuntu/robot_ws/install/dsr_bringup2:/home/ubuntu/robot_ws/install/dsr_example:/opt/ros/humble CONDA_PROMPT_MODIFIER=(base) /usr/bin/cmake --install /home/ubuntu/lhj_behavior_stage/build/lidar
[23.447s] colcon.colcon_core.environment Level 1 create_environment_scripts_only(lidar)
[23.447s] colcon.colcon_core.environment Level 1 checking '/home/ubuntu/lhj_behavior_stage/install/lidar' for CMake module files
[23.448s] colcon.colcon_core.event_handler.log_command DEBUG Invoked command in '/home/ubuntu/lhj_behavior_stage/build/lidar' returned '0': CMAKE_PREFIX_PATH=${CMAKE_PREFIX_PATH}:/home/ubuntu/robot_ws/install/vla_data_collector:/home/ubuntu/robot_ws/install/openvla_doosan_runtime_async:/home/ubuntu/robot_ws/install/openvla_doosan_runtime:/home/ubuntu/robot_ws/install/dsr_visualservoing:/home/ubuntu/robot_ws/install/dsr_tests:/home/ubuntu/robot_ws/install/dsr_bringup2:/home/ubuntu/robot_ws/install/dsr_example:/opt/ros/humble CONDA_PROMPT_MODIFIER=(base) /usr/bin/cmake --install /home/ubuntu/lhj_behavior_stage/build/lidar
[23.448s] colcon.colcon_core.environment Level 1 checking '/home/ubuntu/lhj_behavior_stage/install/lidar' for CMake config files
[23.449s] colcon.colcon_core.shell Level 1 create_environment_hook('lidar', 'cmake_prefix_path')
[23.449s] colcon.colcon_core.shell INFO Creating environment hook '/home/ubuntu/lhj_behavior_stage/install/lidar/share/lidar/hook/cmake_prefix_path.ps1'
[23.449s] colcon.colcon_core.shell INFO Creating environment descriptor '/home/ubuntu/lhj_behavior_stage/install/lidar/share/lidar/hook/cmake_prefix_path.dsv'
[23.450s] colcon.colcon_core.shell INFO Creating environment hook '/home/ubuntu/lhj_behavior_stage/install/lidar/share/lidar/hook/cmake_prefix_path.sh'
[23.450s] colcon.colcon_core.environment Level 1 checking '/home/ubuntu/lhj_behavior_stage/install/lidar/lib'
[23.450s] colcon.colcon_core.environment Level 1 checking '/home/ubuntu/lhj_behavior_stage/install/lidar/bin'
[23.450s] colcon.colcon_core.environment Level 1 checking '/home/ubuntu/lhj_behavior_stage/install/lidar/lib/pkgconfig/lidar.pc'
[23.451s] colcon.colcon_core.environment Level 1 checking '/home/ubuntu/lhj_behavior_stage/install/lidar/lib/python3.10/site-packages'
[23.451s] colcon.colcon_core.environment Level 1 checking '/home/ubuntu/lhj_behavior_stage/install/lidar/bin'
[23.451s] colcon.colcon_core.shell INFO Creating package script '/home/ubuntu/lhj_behavior_stage/install/lidar/share/lidar/package.ps1'
[23.452s] colcon.colcon_core.shell INFO Creating package descriptor '/home/ubuntu/lhj_behavior_stage/install/lidar/share/lidar/package.dsv'
[23.452s] colcon.colcon_core.shell INFO Creating package script '/home/ubuntu/lhj_behavior_stage/install/lidar/share/lidar/package.sh'
[23.452s] colcon.colcon_core.shell INFO Creating package script '/home/ubuntu/lhj_behavior_stage/install/lidar/share/lidar/package.bash'
[23.453s] colcon.colcon_core.shell INFO Creating package script '/home/ubuntu/lhj_behavior_stage/install/lidar/share/lidar/package.zsh'
[23.453s] colcon.colcon_core.environment Level 1 create_file_with_runtime_dependencies(/home/ubuntu/lhj_behavior_stage/install/lidar/share/colcon-core/packages/lidar)
[23.454s] colcon.colcon_core.environment Level 1 create_environment_scripts_only(lidar)
[23.454s] colcon.colcon_core.environment Level 1 checking '/home/ubuntu/lhj_behavior_stage/install/lidar' for CMake module files
[23.454s] colcon.colcon_core.environment Level 1 checking '/home/ubuntu/lhj_behavior_stage/install/lidar' for CMake config files
[23.455s] colcon.colcon_core.shell Level 1 create_environment_hook('lidar', 'cmake_prefix_path')
[23.455s] colcon.colcon_core.shell INFO Creating environment hook '/home/ubuntu/lhj_behavior_stage/install/lidar/share/lidar/hook/cmake_prefix_path.ps1'
[23.455s] colcon.colcon_core.shell INFO Creating environment descriptor '/home/ubuntu/lhj_behavior_stage/install/lidar/share/lidar/hook/cmake_prefix_path.dsv'
[23.455s] colcon.colcon_core.shell INFO Creating environment hook '/home/ubuntu/lhj_behavior_stage/install/lidar/share/lidar/hook/cmake_prefix_path.sh'
[23.456s] colcon.colcon_core.environment Level 1 checking '/home/ubuntu/lhj_behavior_stage/install/lidar/lib'
[23.456s] colcon.colcon_core.environment Level 1 checking '/home/ubuntu/lhj_behavior_stage/install/lidar/bin'
[23.456s] colcon.colcon_core.environment Level 1 checking '/home/ubuntu/lhj_behavior_stage/install/lidar/lib/pkgconfig/lidar.pc'
[23.456s] colcon.colcon_core.environment Level 1 checking '/home/ubuntu/lhj_behavior_stage/install/lidar/lib/python3.10/site-packages'
[23.457s] colcon.colcon_core.environment Level 1 checking '/home/ubuntu/lhj_behavior_stage/install/lidar/bin'
[23.457s] colcon.colcon_core.shell INFO Creating package script '/home/ubuntu/lhj_behavior_stage/install/lidar/share/lidar/package.ps1'
[23.458s] colcon.colcon_core.shell INFO Creating package descriptor '/home/ubuntu/lhj_behavior_stage/install/lidar/share/lidar/package.dsv'
[23.458s] colcon.colcon_core.shell INFO Creating package script '/home/ubuntu/lhj_behavior_stage/install/lidar/share/lidar/package.sh'
[23.458s] colcon.colcon_core.shell INFO Creating package script '/home/ubuntu/lhj_behavior_stage/install/lidar/share/lidar/package.bash'
[23.459s] colcon.colcon_core.shell INFO Creating package script '/home/ubuntu/lhj_behavior_stage/install/lidar/share/lidar/package.zsh'
[23.459s] colcon.colcon_core.environment Level 1 create_file_with_runtime_dependencies(/home/ubuntu/lhj_behavior_stage/install/lidar/share/colcon-core/packages/lidar)
[29.802s] colcon.colcon_core.event_handler.log_command DEBUG Invoked command in '/home/ubuntu/lhj_behavior_stage/build/planning_pkg_2025' returned '0': CMAKE_PREFIX_PATH=${CMAKE_PREFIX_PATH}:/home/ubuntu/robot_ws/install/vla_data_collector:/home/ubuntu/robot_ws/install/openvla_doosan_runtime_async:/home/ubuntu/robot_ws/install/openvla_doosan_runtime:/home/ubuntu/robot_ws/install/dsr_visualservoing:/home/ubuntu/robot_ws/install/dsr_tests:/home/ubuntu/robot_ws/install/dsr_bringup2:/home/ubuntu/robot_ws/install/dsr_example:/opt/ros/humble CONDA_PROMPT_MODIFIER=(base) /usr/bin/cmake --build /home/ubuntu/lhj_behavior_stage/build/planning_pkg_2025 -- -j20 -l20
[29.803s] colcon.colcon_core.event_handler.log_command DEBUG Invoking command in '/home/ubuntu/lhj_behavior_stage/build/planning_pkg_2025': CMAKE_PREFIX_PATH=${CMAKE_PREFIX_PATH}:/home/ubuntu/robot_ws/install/vla_data_collector:/home/ubuntu/robot_ws/install/openvla_doosan_runtime_async:/home/ubuntu/robot_ws/install/openvla_doosan_runtime:/home/ubuntu/robot_ws/install/dsr_visualservoing:/home/ubuntu/robot_ws/install/dsr_tests:/home/ubuntu/robot_ws/install/dsr_bringup2:/home/ubuntu/robot_ws/install/dsr_example:/opt/ros/humble CONDA_PROMPT_MODIFIER=(base) /usr/bin/cmake --install /home/ubuntu/lhj_behavior_stage/build/planning_pkg_2025
[30.070s] colcon.colcon_core.environment Level 1 create_environment_scripts_only(planning_pkg_2025)
[30.070s] colcon.colcon_core.environment Level 1 checking '/home/ubuntu/lhj_behavior_stage/install/planning_pkg_2025' for CMake module files
[30.071s] colcon.colcon_core.event_handler.log_command DEBUG Invoked command in '/home/ubuntu/lhj_behavior_stage/build/planning_pkg_2025' returned '0': CMAKE_PREFIX_PATH=${CMAKE_PREFIX_PATH}:/home/ubuntu/robot_ws/install/vla_data_collector:/home/ubuntu/robot_ws/install/openvla_doosan_runtime_async:/home/ubuntu/robot_ws/install/openvla_doosan_runtime:/home/ubuntu/robot_ws/install/dsr_visualservoing:/home/ubuntu/robot_ws/install/dsr_tests:/home/ubuntu/robot_ws/install/dsr_bringup2:/home/ubuntu/robot_ws/install/dsr_example:/opt/ros/humble CONDA_PROMPT_MODIFIER=(base) /usr/bin/cmake --install /home/ubuntu/lhj_behavior_stage/build/planning_pkg_2025
[30.071s] colcon.colcon_core.environment Level 1 checking '/home/ubuntu/lhj_behavior_stage/install/planning_pkg_2025' for CMake config files
[30.072s] colcon.colcon_core.shell Level 1 create_environment_hook('planning_pkg_2025', 'cmake_prefix_path')
[30.072s] colcon.colcon_core.shell INFO Creating environment hook '/home/ubuntu/lhj_behavior_stage/install/planning_pkg_2025/share/planning_pkg_2025/hook/cmake_prefix_path.ps1'
[30.073s] colcon.colcon_core.shell INFO Creating environment descriptor '/home/ubuntu/lhj_behavior_stage/install/planning_pkg_2025/share/planning_pkg_2025/hook/cmake_prefix_path.dsv'
[30.073s] colcon.colcon_core.shell INFO Creating environment hook '/home/ubuntu/lhj_behavior_stage/install/planning_pkg_2025/share/planning_pkg_2025/hook/cmake_prefix_path.sh'
[30.074s] colcon.colcon_core.environment Level 1 checking '/home/ubuntu/lhj_behavior_stage/install/planning_pkg_2025/lib'
[30.074s] colcon.colcon_core.environment Level 1 checking '/home/ubuntu/lhj_behavior_stage/install/planning_pkg_2025/bin'
[30.074s] colcon.colcon_core.environment Level 1 checking '/home/ubuntu/lhj_behavior_stage/install/planning_pkg_2025/lib/pkgconfig/planning_pkg_2025.pc'
[30.074s] colcon.colcon_core.environment Level 1 checking '/home/ubuntu/lhj_behavior_stage/install/planning_pkg_2025/lib/python3.10/site-packages'
[30.075s] colcon.colcon_core.environment Level 1 checking '/home/ubuntu/lhj_behavior_stage/install/planning_pkg_2025/bin'
[30.075s] colcon.colcon_core.shell INFO Creating package script '/home/ubuntu/lhj_behavior_stage/install/planning_pkg_2025/share/planning_pkg_2025/package.ps1'
[30.076s] colcon.colcon_core.shell INFO Creating package descriptor '/home/ubuntu/lhj_behavior_stage/install/planning_pkg_2025/share/planning_pkg_2025/package.dsv'
[30.077s] colcon.colcon_core.shell INFO Creating package script '/home/ubuntu/lhj_behavior_stage/install/planning_pkg_2025/share/planning_pkg_2025/package.sh'
[30.077s] colcon.colcon_core.shell INFO Creating package script '/home/ubuntu/lhj_behavior_stage/install/planning_pkg_2025/share/planning_pkg_2025/package.bash'
[30.078s] colcon.colcon_core.shell INFO Creating package script '/home/ubuntu/lhj_behavior_stage/install/planning_pkg_2025/share/planning_pkg_2025/package.zsh'
[30.078s] colcon.colcon_core.environment Level 1 create_file_with_runtime_dependencies(/home/ubuntu/lhj_behavior_stage/install/planning_pkg_2025/share/colcon-core/packages/planning_pkg_2025)
[30.079s] colcon.colcon_core.environment Level 1 create_environment_scripts_only(planning_pkg_2025)
[30.079s] colcon.colcon_core.environment Level 1 checking '/home/ubuntu/lhj_behavior_stage/install/planning_pkg_2025' for CMake module files
[30.080s] colcon.colcon_core.environment Level 1 checking '/home/ubuntu/lhj_behavior_stage/install/planning_pkg_2025' for CMake config files
[30.081s] colcon.colcon_core.shell Level 1 create_environment_hook('planning_pkg_2025', 'cmake_prefix_path')
[30.081s] colcon.colcon_core.shell INFO Creating environment hook '/home/ubuntu/lhj_behavior_stage/install/planning_pkg_2025/share/planning_pkg_2025/hook/cmake_prefix_path.ps1'
[30.081s] colcon.colcon_core.shell INFO Creating environment descriptor '/home/ubuntu/lhj_behavior_stage/install/planning_pkg_2025/share/planning_pkg_2025/hook/cmake_prefix_path.dsv'
[30.082s] colcon.colcon_core.shell INFO Creating environment hook '/home/ubuntu/lhj_behavior_stage/install/planning_pkg_2025/share/planning_pkg_2025/hook/cmake_prefix_path.sh'
[30.083s] colcon.colcon_core.environment Level 1 checking '/home/ubuntu/lhj_behavior_stage/install/planning_pkg_2025/lib'
[30.083s] colcon.colcon_core.environment Level 1 checking '/home/ubuntu/lhj_behavior_stage/install/planning_pkg_2025/bin'
[30.083s] colcon.colcon_core.environment Level 1 checking '/home/ubuntu/lhj_behavior_stage/install/planning_pkg_2025/lib/pkgconfig/planning_pkg_2025.pc'
[30.083s] colcon.colcon_core.environment Level 1 checking '/home/ubuntu/lhj_behavior_stage/install/planning_pkg_2025/lib/python3.10/site-packages'
[30.084s] colcon.colcon_core.environment Level 1 checking '/home/ubuntu/lhj_behavior_stage/install/planning_pkg_2025/bin'
[30.084s] colcon.colcon_core.shell INFO Creating package script '/home/ubuntu/lhj_behavior_stage/install/planning_pkg_2025/share/planning_pkg_2025/package.ps1'
[30.085s] colcon.colcon_core.shell INFO Creating package descriptor '/home/ubuntu/lhj_behavior_stage/install/planning_pkg_2025/share/planning_pkg_2025/package.dsv'
[30.086s] colcon.colcon_core.shell INFO Creating package script '/home/ubuntu/lhj_behavior_stage/install/planning_pkg_2025/share/planning_pkg_2025/package.sh'
[30.086s] colcon.colcon_core.shell INFO Creating package script '/home/ubuntu/lhj_behavior_stage/install/planning_pkg_2025/share/planning_pkg_2025/package.bash'
[30.087s] colcon.colcon_core.shell INFO Creating package script '/home/ubuntu/lhj_behavior_stage/install/planning_pkg_2025/share/planning_pkg_2025/package.zsh'
[30.087s] colcon.colcon_core.environment Level 1 create_file_with_runtime_dependencies(/home/ubuntu/lhj_behavior_stage/install/planning_pkg_2025/share/colcon-core/packages/planning_pkg_2025)
[32.241s] colcon.colcon_core.event_handler.log_command DEBUG Invoked command in '/home/ubuntu/lhj_behavior_stage/build/control' returned '0': CMAKE_PREFIX_PATH=${CMAKE_PREFIX_PATH}:/home/ubuntu/robot_ws/install/vla_data_collector:/home/ubuntu/robot_ws/install/openvla_doosan_runtime_async:/home/ubuntu/robot_ws/install/openvla_doosan_runtime:/home/ubuntu/robot_ws/install/dsr_visualservoing:/home/ubuntu/robot_ws/install/dsr_tests:/home/ubuntu/robot_ws/install/dsr_bringup2:/home/ubuntu/robot_ws/install/dsr_example:/opt/ros/humble CONDA_PROMPT_MODIFIER=(base) /usr/bin/cmake --build /home/ubuntu/lhj_behavior_stage/build/control -- -j20 -l20
[32.243s] colcon.colcon_core.event_handler.log_command DEBUG Invoking command in '/home/ubuntu/lhj_behavior_stage/build/control': CMAKE_PREFIX_PATH=${CMAKE_PREFIX_PATH}:/home/ubuntu/robot_ws/install/vla_data_collector:/home/ubuntu/robot_ws/install/openvla_doosan_runtime_async:/home/ubuntu/robot_ws/install/openvla_doosan_runtime:/home/ubuntu/robot_ws/install/dsr_visualservoing:/home/ubuntu/robot_ws/install/dsr_tests:/home/ubuntu/robot_ws/install/dsr_bringup2:/home/ubuntu/robot_ws/install/dsr_example:/opt/ros/humble CONDA_PROMPT_MODIFIER=(base) /usr/bin/cmake --install /home/ubuntu/lhj_behavior_stage/build/control
[32.394s] colcon.colcon_core.environment Level 1 create_environment_scripts_only(control)
[32.395s] colcon.colcon_core.environment Level 1 checking '/home/ubuntu/lhj_behavior_stage/install/control' for CMake module files
[32.395s] colcon.colcon_core.event_handler.log_command DEBUG Invoked command in '/home/ubuntu/lhj_behavior_stage/build/control' returned '0': CMAKE_PREFIX_PATH=${CMAKE_PREFIX_PATH}:/home/ubuntu/robot_ws/install/vla_data_collector:/home/ubuntu/robot_ws/install/openvla_doosan_runtime_async:/home/ubuntu/robot_ws/install/openvla_doosan_runtime:/home/ubuntu/robot_ws/install/dsr_visualservoing:/home/ubuntu/robot_ws/install/dsr_tests:/home/ubuntu/robot_ws/install/dsr_bringup2:/home/ubuntu/robot_ws/install/dsr_example:/opt/ros/humble CONDA_PROMPT_MODIFIER=(base) /usr/bin/cmake --install /home/ubuntu/lhj_behavior_stage/build/control
[32.396s] colcon.colcon_core.environment Level 1 checking '/home/ubuntu/lhj_behavior_stage/install/control' for CMake config files
[32.396s] colcon.colcon_core.shell Level 1 create_environment_hook('control', 'cmake_prefix_path')
[32.396s] colcon.colcon_core.shell INFO Creating environment hook '/home/ubuntu/lhj_behavior_stage/install/control/share/control/hook/cmake_prefix_path.ps1'
[32.397s] colcon.colcon_core.shell INFO Creating environment descriptor '/home/ubuntu/lhj_behavior_stage/install/control/share/control/hook/cmake_prefix_path.dsv'
[32.397s] colcon.colcon_core.shell INFO Creating environment hook '/home/ubuntu/lhj_behavior_stage/install/control/share/control/hook/cmake_prefix_path.sh'
[32.397s] colcon.colcon_core.environment Level 1 checking '/home/ubuntu/lhj_behavior_stage/install/control/lib'
[32.397s] colcon.colcon_core.environment Level 1 checking '/home/ubuntu/lhj_behavior_stage/install/control/bin'
[32.398s] colcon.colcon_core.environment Level 1 checking '/home/ubuntu/lhj_behavior_stage/install/control/lib/pkgconfig/control.pc'
[32.398s] colcon.colcon_core.environment Level 1 checking '/home/ubuntu/lhj_behavior_stage/install/control/lib/python3.10/site-packages'
[32.398s] colcon.colcon_core.environment Level 1 checking '/home/ubuntu/lhj_behavior_stage/install/control/bin'
[32.398s] colcon.colcon_core.shell INFO Creating package script '/home/ubuntu/lhj_behavior_stage/install/control/share/control/package.ps1'
[32.399s] colcon.colcon_core.shell INFO Creating package descriptor '/home/ubuntu/lhj_behavior_stage/install/control/share/control/package.dsv'
[32.399s] colcon.colcon_core.shell INFO Creating package script '/home/ubuntu/lhj_behavior_stage/install/control/share/control/package.sh'
[32.400s] colcon.colcon_core.shell INFO Creating package script '/home/ubuntu/lhj_behavior_stage/install/control/share/control/package.bash'
[32.400s] colcon.colcon_core.shell INFO Creating package script '/home/ubuntu/lhj_behavior_stage/install/control/share/control/package.zsh'
[32.400s] colcon.colcon_core.environment Level 1 create_file_with_runtime_dependencies(/home/ubuntu/lhj_behavior_stage/install/control/share/colcon-core/packages/control)
[32.401s] colcon.colcon_core.environment Level 1 create_environment_scripts_only(control)
[32.401s] colcon.colcon_core.environment Level 1 checking '/home/ubuntu/lhj_behavior_stage/install/control' for CMake module files
[32.401s] colcon.colcon_core.environment Level 1 checking '/home/ubuntu/lhj_behavior_stage/install/control' for CMake config files
[32.402s] colcon.colcon_core.shell Level 1 create_environment_hook('control', 'cmake_prefix_path')
[32.402s] colcon.colcon_core.shell INFO Creating environment hook '/home/ubuntu/lhj_behavior_stage/install/control/share/control/hook/cmake_prefix_path.ps1'
[32.402s] colcon.colcon_core.shell INFO Creating environment descriptor '/home/ubuntu/lhj_behavior_stage/install/control/share/control/hook/cmake_prefix_path.dsv'
[32.403s] colcon.colcon_core.shell INFO Creating environment hook '/home/ubuntu/lhj_behavior_stage/install/control/share/control/hook/cmake_prefix_path.sh'
[32.404s] colcon.colcon_core.environment Level 1 checking '/home/ubuntu/lhj_behavior_stage/install/control/lib'
[32.404s] colcon.colcon_core.environment Level 1 checking '/home/ubuntu/lhj_behavior_stage/install/control/bin'
[32.404s] colcon.colcon_core.environment Level 1 checking '/home/ubuntu/lhj_behavior_stage/install/control/lib/pkgconfig/control.pc'
[32.404s] colcon.colcon_core.environment Level 1 checking '/home/ubuntu/lhj_behavior_stage/install/control/lib/python3.10/site-packages'
[32.404s] colcon.colcon_core.environment Level 1 checking '/home/ubuntu/lhj_behavior_stage/install/control/bin'
[32.405s] colcon.colcon_core.shell INFO Creating package script '/home/ubuntu/lhj_behavior_stage/install/control/share/control/package.ps1'
[32.405s] colcon.colcon_core.shell INFO Creating package descriptor '/home/ubuntu/lhj_behavior_stage/install/control/share/control/package.dsv'
[32.406s] colcon.colcon_core.shell INFO Creating package script '/home/ubuntu/lhj_behavior_stage/install/control/share/control/package.sh'
[32.406s] colcon.colcon_core.shell INFO Creating package script '/home/ubuntu/lhj_behavior_stage/install/control/share/control/package.bash'
[32.406s] colcon.colcon_core.shell INFO Creating package script '/home/ubuntu/lhj_behavior_stage/install/control/share/control/package.zsh'
[32.407s] colcon.colcon_core.environment Level 1 create_file_with_runtime_dependencies(/home/ubuntu/lhj_behavior_stage/install/control/share/colcon-core/packages/control)
[32.407s] colcon.colcon_ros.task.ament_cmake.build INFO Building ROS package in '/home/ubuntu/lhj_behavior_stage/src/behavior_stack_bringup' with build type 'ament_cmake'
[32.407s] colcon.colcon_cmake.task.cmake.build INFO Building CMake package in '/home/ubuntu/lhj_behavior_stage/src/behavior_stack_bringup'
[32.407s] colcon.colcon_core.shell INFO Skip shell extension 'powershell' for command environment: Not usable outside of PowerShell
[32.408s] colcon.colcon_core.shell DEBUG Skip shell extension 'dsv' for command environment
[32.426s] colcon.colcon_core.event_handler.log_command DEBUG Invoking command in '/home/ubuntu/lhj_behavior_stage/build/behavior_stack_bringup': AMENT_PREFIX_PATH=/home/ubuntu/lhj_behavior_stage/install/wit_ros2_imu:/home/ubuntu/lhj_behavior_stage/install/traffic_sign_perception:/home/ubuntu/lhj_behavior_stage/install/planning_pkg_2025:/home/ubuntu/lhj_behavior_stage/install/nmea_navsat_driver:/home/ubuntu/lhj_behavior_stage/install/local_pkg1:/home/ubuntu/lhj_behavior_stage/install/lidar:/home/ubuntu/lhj_behavior_stage/install/kroad_planning_utm_pkg:/home/ubuntu/lhj_behavior_stage/install/erp42pro_interface:/home/ubuntu/lhj_behavior_stage/install/control:${AMENT_PREFIX_PATH} CMAKE_PREFIX_PATH=/home/ubuntu/lhj_behavior_stage/install/planning_pkg_2025:/home/ubuntu/lhj_behavior_stage/install/lidar:/home/ubuntu/lhj_behavior_stage/install/kroad_planning_utm_pkg:/home/ubuntu/lhj_behavior_stage/install/control:/home/ubuntu/robot_ws/install/zed_ros2:/home/ubuntu/robot_ws/install/zed_wrapper:/home/ubuntu/robot_ws/install/zed_debug:/home/ubuntu/robot_ws/install/zed_components:/home/ubuntu/robot_ws/install/dsr_realtime_control:/home/ubuntu/robot_ws/install/dsr_mujoco:/home/ubuntu/robot_ws/install/dsr_controller2:/home/ubuntu/robot_ws/install/dsr_msgs2:/home/ubuntu/robot_ws/install/dsr_moveit_config_p3020:/home/ubuntu/robot_ws/install/dsr_moveit_config_m1509:/home/ubuntu/robot_ws/install/dsr_moveit_config_m1013:/home/ubuntu/robot_ws/install/dsr_moveit_config_m0617:/home/ubuntu/robot_ws/install/dsr_moveit_config_m0609:/home/ubuntu/robot_ws/install/dsr_moveit_config_h2515:/home/ubuntu/robot_ws/install/dsr_moveit_config_h2017:/home/ubuntu/robot_ws/install/dsr_moveit_config_e0509:/home/ubuntu/robot_ws/install/dsr_moveit_config_a0912:/home/ubuntu/robot_ws/install/dsr_moveit_config_a0509:/home/ubuntu/robot_ws/install/dsr_hardware2:/home/ubuntu/robot_ws/install/dsr_gazebo2:/home/ubuntu/robot_ws/install/dsr_description2:/home/ubuntu/robot_ws/install/dsr_common2:/home/ubuntu/robot_ws/install/vla_data_collector:/home/ubuntu/robot_ws/install/openvla_doosan_runtime_async:/home/ubuntu/robot_ws/install/openvla_doosan_runtime:/home/ubuntu/robot_ws/install/dsr_visualservoing:/home/ubuntu/robot_ws/install/dsr_tests:/home/ubuntu/robot_ws/install/dsr_bringup2:/home/ubuntu/robot_ws/install/dsr_example:/opt/ros/humble CONDA_PROMPT_MODIFIER=(base) LD_LIBRARY_PATH=/home/ubuntu/lhj_behavior_stage/install/planning_pkg_2025/lib:${LD_LIBRARY_PATH} PYTHONPATH=/home/ubuntu/lhj_behavior_stage/build/wit_ros2_imu:/home/ubuntu/lhj_behavior_stage/install/wit_ros2_imu/lib/python3.10/site-packages:/home/ubuntu/lhj_behavior_stage/build/traffic_sign_perception:/home/ubuntu/lhj_behavior_stage/install/traffic_sign_perception/lib/python3.10/site-packages:/home/ubuntu/lhj_behavior_stage/build/nmea_navsat_driver/src:/home/ubuntu/lhj_behavior_stage/install/nmea_navsat_driver/lib/python3.10/site-packages:/home/ubuntu/lhj_behavior_stage/build/local_pkg1:/home/ubuntu/lhj_behavior_stage/install/local_pkg1/lib/python3.10/site-packages:/home/ubuntu/lhj_behavior_stage/build/erp42pro_interface:/home/ubuntu/lhj_behavior_stage/install/erp42pro_interface/lib/python3.10/site-packages:${PYTHONPATH} /usr/bin/cmake /home/ubuntu/lhj_behavior_stage/src/behavior_stack_bringup -DAMENT_CMAKE_SYMLINK_INSTALL=1 -DCMAKE_INSTALL_PREFIX=/home/ubuntu/lhj_behavior_stage/install/behavior_stack_bringup
[62.439s] colcon.colcon_core.event_handler.log_command DEBUG Invoked command in '/home/ubuntu/lhj_behavior_stage/build/behavior_stack_bringup' returned '0': AMENT_PREFIX_PATH=/home/ubuntu/lhj_behavior_stage/install/wit_ros2_imu:/home/ubuntu/lhj_behavior_stage/install/traffic_sign_perception:/home/ubuntu/lhj_behavior_stage/install/planning_pkg_2025:/home/ubuntu/lhj_behavior_stage/install/nmea_navsat_driver:/home/ubuntu/lhj_behavior_stage/install/local_pkg1:/home/ubuntu/lhj_behavior_stage/install/lidar:/home/ubuntu/lhj_behavior_stage/install/kroad_planning_utm_pkg:/home/ubuntu/lhj_behavior_stage/install/erp42pro_interface:/home/ubuntu/lhj_behavior_stage/install/control:${AMENT_PREFIX_PATH} CMAKE_PREFIX_PATH=/home/ubuntu/lhj_behavior_stage/install/planning_pkg_2025:/home/ubuntu/lhj_behavior_stage/install/lidar:/home/ubuntu/lhj_behavior_stage/install/kroad_planning_utm_pkg:/home/ubuntu/lhj_behavior_stage/install/control:/home/ubuntu/robot_ws/install/zed_ros2:/home/ubuntu/robot_ws/install/zed_wrapper:/home/ubuntu/robot_ws/install/zed_debug:/home/ubuntu/robot_ws/install/zed_components:/home/ubuntu/robot_ws/install/dsr_realtime_control:/home/ubuntu/robot_ws/install/dsr_mujoco:/home/ubuntu/robot_ws/install/dsr_controller2:/home/ubuntu/robot_ws/install/dsr_msgs2:/home/ubuntu/robot_ws/install/dsr_moveit_config_p3020:/home/ubuntu/robot_ws/install/dsr_moveit_config_m1509:/home/ubuntu/robot_ws/install/dsr_moveit_config_m1013:/home/ubuntu/robot_ws/install/dsr_moveit_config_m0617:/home/ubuntu/robot_ws/install/dsr_moveit_config_m0609:/home/ubuntu/robot_ws/install/dsr_moveit_config_h2515:/home/ubuntu/robot_ws/install/dsr_moveit_config_h2017:/home/ubuntu/robot_ws/install/dsr_moveit_config_e0509:/home/ubuntu/robot_ws/install/dsr_moveit_config_a0912:/home/ubuntu/robot_ws/install/dsr_moveit_config_a0509:/home/ubuntu/robot_ws/install/dsr_hardware2:/home/ubuntu/robot_ws/install/dsr_gazebo2:/home/ubuntu/robot_ws/install/dsr_description2:/home/ubuntu/robot_ws/install/dsr_common2:/home/ubuntu/robot_ws/install/vla_data_collector:/home/ubuntu/robot_ws/install/openvla_doosan_runtime_async:/home/ubuntu/robot_ws/install/openvla_doosan_runtime:/home/ubuntu/robot_ws/install/dsr_visualservoing:/home/ubuntu/robot_ws/install/dsr_tests:/home/ubuntu/robot_ws/install/dsr_bringup2:/home/ubuntu/robot_ws/install/dsr_example:/opt/ros/humble CONDA_PROMPT_MODIFIER=(base) LD_LIBRARY_PATH=/home/ubuntu/lhj_behavior_stage/install/planning_pkg_2025/lib:${LD_LIBRARY_PATH} PYTHONPATH=/home/ubuntu/lhj_behavior_stage/build/wit_ros2_imu:/home/ubuntu/lhj_behavior_stage/install/wit_ros2_imu/lib/python3.10/site-packages:/home/ubuntu/lhj_behavior_stage/build/traffic_sign_perception:/home/ubuntu/lhj_behavior_stage/install/traffic_sign_perception/lib/python3.10/site-packages:/home/ubuntu/lhj_behavior_stage/build/nmea_navsat_driver/src:/home/ubuntu/lhj_behavior_stage/install/nmea_navsat_driver/lib/python3.10/site-packages:/home/ubuntu/lhj_behavior_stage/build/local_pkg1:/home/ubuntu/lhj_behavior_stage/install/local_pkg1/lib/python3.10/site-packages:/home/ubuntu/lhj_behavior_stage/build/erp42pro_interface:/home/ubuntu/lhj_behavior_stage/install/erp42pro_interface/lib/python3.10/site-packages:${PYTHONPATH} /usr/bin/cmake /home/ubuntu/lhj_behavior_stage/src/behavior_stack_bringup -DAMENT_CMAKE_SYMLINK_INSTALL=1 -DCMAKE_INSTALL_PREFIX=/home/ubuntu/lhj_behavior_stage/install/behavior_stack_bringup
[62.443s] colcon.colcon_core.event_handler.log_command DEBUG Invoking command in '/home/ubuntu/lhj_behavior_stage/build/behavior_stack_bringup': AMENT_PREFIX_PATH=/home/ubuntu/lhj_behavior_stage/install/wit_ros2_imu:/home/ubuntu/lhj_behavior_stage/install/traffic_sign_perception:/home/ubuntu/lhj_behavior_stage/install/planning_pkg_2025:/home/ubuntu/lhj_behavior_stage/install/nmea_navsat_driver:/home/ubuntu/lhj_behavior_stage/install/local_pkg1:/home/ubuntu/lhj_behavior_stage/install/lidar:/home/ubuntu/lhj_behavior_stage/install/kroad_planning_utm_pkg:/home/ubuntu/lhj_behavior_stage/install/erp42pro_interface:/home/ubuntu/lhj_behavior_stage/install/control:${AMENT_PREFIX_PATH} CMAKE_PREFIX_PATH=/home/ubuntu/lhj_behavior_stage/install/planning_pkg_2025:/home/ubuntu/lhj_behavior_stage/install/lidar:/home/ubuntu/lhj_behavior_stage/install/kroad_planning_utm_pkg:/home/ubuntu/lhj_behavior_stage/install/control:/home/ubuntu/robot_ws/install/zed_ros2:/home/ubuntu/robot_ws/install/zed_wrapper:/home/ubuntu/robot_ws/install/zed_debug:/home/ubuntu/robot_ws/install/zed_components:/home/ubuntu/robot_ws/install/dsr_realtime_control:/home/ubuntu/robot_ws/install/dsr_mujoco:/home/ubuntu/robot_ws/install/dsr_controller2:/home/ubuntu/robot_ws/install/dsr_msgs2:/home/ubuntu/robot_ws/install/dsr_moveit_config_p3020:/home/ubuntu/robot_ws/install/dsr_moveit_config_m1509:/home/ubuntu/robot_ws/install/dsr_moveit_config_m1013:/home/ubuntu/robot_ws/install/dsr_moveit_config_m0617:/home/ubuntu/robot_ws/install/dsr_moveit_config_m0609:/home/ubuntu/robot_ws/install/dsr_moveit_config_h2515:/home/ubuntu/robot_ws/install/dsr_moveit_config_h2017:/home/ubuntu/robot_ws/install/dsr_moveit_config_e0509:/home/ubuntu/robot_ws/install/dsr_moveit_config_a0912:/home/ubuntu/robot_ws/install/dsr_moveit_config_a0509:/home/ubuntu/robot_ws/install/dsr_hardware2:/home/ubuntu/robot_ws/install/dsr_gazebo2:/home/ubuntu/robot_ws/install/dsr_description2:/home/ubuntu/robot_ws/install/dsr_common2:/home/ubuntu/robot_ws/install/vla_data_collector:/home/ubuntu/robot_ws/install/openvla_doosan_runtime_async:/home/ubuntu/robot_ws/install/openvla_doosan_runtime:/home/ubuntu/robot_ws/install/dsr_visualservoing:/home/ubuntu/robot_ws/install/dsr_tests:/home/ubuntu/robot_ws/install/dsr_bringup2:/home/ubuntu/robot_ws/install/dsr_example:/opt/ros/humble CONDA_PROMPT_MODIFIER=(base) LD_LIBRARY_PATH=/home/ubuntu/lhj_behavior_stage/install/planning_pkg_2025/lib:${LD_LIBRARY_PATH} PYTHONPATH=/home/ubuntu/lhj_behavior_stage/build/wit_ros2_imu:/home/ubuntu/lhj_behavior_stage/install/wit_ros2_imu/lib/python3.10/site-packages:/home/ubuntu/lhj_behavior_stage/build/traffic_sign_perception:/home/ubuntu/lhj_behavior_stage/install/traffic_sign_perception/lib/python3.10/site-packages:/home/ubuntu/lhj_behavior_stage/build/nmea_navsat_driver/src:/home/ubuntu/lhj_behavior_stage/install/nmea_navsat_driver/lib/python3.10/site-packages:/home/ubuntu/lhj_behavior_stage/build/local_pkg1:/home/ubuntu/lhj_behavior_stage/install/local_pkg1/lib/python3.10/site-packages:/home/ubuntu/lhj_behavior_stage/build/erp42pro_interface:/home/ubuntu/lhj_behavior_stage/install/erp42pro_interface/lib/python3.10/site-packages:${PYTHONPATH} /usr/bin/cmake --build /home/ubuntu/lhj_behavior_stage/build/behavior_stack_bringup -- -j20 -l20
[62.506s] colcon.colcon_core.event_handler.log_command DEBUG Invoked command in '/home/ubuntu/lhj_behavior_stage/build/behavior_stack_bringup' returned '0': AMENT_PREFIX_PATH=/home/ubuntu/lhj_behavior_stage/install/wit_ros2_imu:/home/ubuntu/lhj_behavior_stage/install/traffic_sign_perception:/home/ubuntu/lhj_behavior_stage/install/planning_pkg_2025:/home/ubuntu/lhj_behavior_stage/install/nmea_navsat_driver:/home/ubuntu/lhj_behavior_stage/install/local_pkg1:/home/ubuntu/lhj_behavior_stage/install/lidar:/home/ubuntu/lhj_behavior_stage/install/kroad_planning_utm_pkg:/home/ubuntu/lhj_behavior_stage/install/erp42pro_interface:/home/ubuntu/lhj_behavior_stage/install/control:${AMENT_PREFIX_PATH} CMAKE_PREFIX_PATH=/home/ubuntu/lhj_behavior_stage/install/planning_pkg_2025:/home/ubuntu/lhj_behavior_stage/install/lidar:/home/ubuntu/lhj_behavior_stage/install/kroad_planning_utm_pkg:/home/ubuntu/lhj_behavior_stage/install/control:/home/ubuntu/robot_ws/install/zed_ros2:/home/ubuntu/robot_ws/install/zed_wrapper:/home/ubuntu/robot_ws/install/zed_debug:/home/ubuntu/robot_ws/install/zed_components:/home/ubuntu/robot_ws/install/dsr_realtime_control:/home/ubuntu/robot_ws/install/dsr_mujoco:/home/ubuntu/robot_ws/install/dsr_controller2:/home/ubuntu/robot_ws/install/dsr_msgs2:/home/ubuntu/robot_ws/install/dsr_moveit_config_p3020:/home/ubuntu/robot_ws/install/dsr_moveit_config_m1509:/home/ubuntu/robot_ws/install/dsr_moveit_config_m1013:/home/ubuntu/robot_ws/install/dsr_moveit_config_m0617:/home/ubuntu/robot_ws/install/dsr_moveit_config_m0609:/home/ubuntu/robot_ws/install/dsr_moveit_config_h2515:/home/ubuntu/robot_ws/install/dsr_moveit_config_h2017:/home/ubuntu/robot_ws/install/dsr_moveit_config_e0509:/home/ubuntu/robot_ws/install/dsr_moveit_config_a0912:/home/ubuntu/robot_ws/install/dsr_moveit_config_a0509:/home/ubuntu/robot_ws/install/dsr_hardware2:/home/ubuntu/robot_ws/install/dsr_gazebo2:/home/ubuntu/robot_ws/install/dsr_description2:/home/ubuntu/robot_ws/install/dsr_common2:/home/ubuntu/robot_ws/install/vla_data_collector:/home/ubuntu/robot_ws/install/openvla_doosan_runtime_async:/home/ubuntu/robot_ws/install/openvla_doosan_runtime:/home/ubuntu/robot_ws/install/dsr_visualservoing:/home/ubuntu/robot_ws/install/dsr_tests:/home/ubuntu/robot_ws/install/dsr_bringup2:/home/ubuntu/robot_ws/install/dsr_example:/opt/ros/humble CONDA_PROMPT_MODIFIER=(base) LD_LIBRARY_PATH=/home/ubuntu/lhj_behavior_stage/install/planning_pkg_2025/lib:${LD_LIBRARY_PATH} PYTHONPATH=/home/ubuntu/lhj_behavior_stage/build/wit_ros2_imu:/home/ubuntu/lhj_behavior_stage/install/wit_ros2_imu/lib/python3.10/site-packages:/home/ubuntu/lhj_behavior_stage/build/traffic_sign_perception:/home/ubuntu/lhj_behavior_stage/install/traffic_sign_perception/lib/python3.10/site-packages:/home/ubuntu/lhj_behavior_stage/build/nmea_navsat_driver/src:/home/ubuntu/lhj_behavior_stage/install/nmea_navsat_driver/lib/python3.10/site-packages:/home/ubuntu/lhj_behavior_stage/build/local_pkg1:/home/ubuntu/lhj_behavior_stage/install/local_pkg1/lib/python3.10/site-packages:/home/ubuntu/lhj_behavior_stage/build/erp42pro_interface:/home/ubuntu/lhj_behavior_stage/install/erp42pro_interface/lib/python3.10/site-packages:${PYTHONPATH} /usr/bin/cmake --build /home/ubuntu/lhj_behavior_stage/build/behavior_stack_bringup -- -j20 -l20
[62.507s] colcon.colcon_core.event_handler.log_command DEBUG Invoking command in '/home/ubuntu/lhj_behavior_stage/build/behavior_stack_bringup': AMENT_PREFIX_PATH=/home/ubuntu/lhj_behavior_stage/install/wit_ros2_imu:/home/ubuntu/lhj_behavior_stage/install/traffic_sign_perception:/home/ubuntu/lhj_behavior_stage/install/planning_pkg_2025:/home/ubuntu/lhj_behavior_stage/install/nmea_navsat_driver:/home/ubuntu/lhj_behavior_stage/install/local_pkg1:/home/ubuntu/lhj_behavior_stage/install/lidar:/home/ubuntu/lhj_behavior_stage/install/kroad_planning_utm_pkg:/home/ubuntu/lhj_behavior_stage/install/erp42pro_interface:/home/ubuntu/lhj_behavior_stage/install/control:${AMENT_PREFIX_PATH} CMAKE_PREFIX_PATH=/home/ubuntu/lhj_behavior_stage/install/planning_pkg_2025:/home/ubuntu/lhj_behavior_stage/install/lidar:/home/ubuntu/lhj_behavior_stage/install/kroad_planning_utm_pkg:/home/ubuntu/lhj_behavior_stage/install/control:/home/ubuntu/robot_ws/install/zed_ros2:/home/ubuntu/robot_ws/install/zed_wrapper:/home/ubuntu/robot_ws/install/zed_debug:/home/ubuntu/robot_ws/install/zed_components:/home/ubuntu/robot_ws/install/dsr_realtime_control:/home/ubuntu/robot_ws/install/dsr_mujoco:/home/ubuntu/robot_ws/install/dsr_controller2:/home/ubuntu/robot_ws/install/dsr_msgs2:/home/ubuntu/robot_ws/install/dsr_moveit_config_p3020:/home/ubuntu/robot_ws/install/dsr_moveit_config_m1509:/home/ubuntu/robot_ws/install/dsr_moveit_config_m1013:/home/ubuntu/robot_ws/install/dsr_moveit_config_m0617:/home/ubuntu/robot_ws/install/dsr_moveit_config_m0609:/home/ubuntu/robot_ws/install/dsr_moveit_config_h2515:/home/ubuntu/robot_ws/install/dsr_moveit_config_h2017:/home/ubuntu/robot_ws/install/dsr_moveit_config_e0509:/home/ubuntu/robot_ws/install/dsr_moveit_config_a0912:/home/ubuntu/robot_ws/install/dsr_moveit_config_a0509:/home/ubuntu/robot_ws/install/dsr_hardware2:/home/ubuntu/robot_ws/install/dsr_gazebo2:/home/ubuntu/robot_ws/install/dsr_description2:/home/ubuntu/robot_ws/install/dsr_common2:/home/ubuntu/robot_ws/install/vla_data_collector:/home/ubuntu/robot_ws/install/openvla_doosan_runtime_async:/home/ubuntu/robot_ws/install/openvla_doosan_runtime:/home/ubuntu/robot_ws/install/dsr_visualservoing:/home/ubuntu/robot_ws/install/dsr_tests:/home/ubuntu/robot_ws/install/dsr_bringup2:/home/ubuntu/robot_ws/install/dsr_example:/opt/ros/humble CONDA_PROMPT_MODIFIER=(base) LD_LIBRARY_PATH=/home/ubuntu/lhj_behavior_stage/install/planning_pkg_2025/lib:${LD_LIBRARY_PATH} PYTHONPATH=/home/ubuntu/lhj_behavior_stage/build/wit_ros2_imu:/home/ubuntu/lhj_behavior_stage/install/wit_ros2_imu/lib/python3.10/site-packages:/home/ubuntu/lhj_behavior_stage/build/traffic_sign_perception:/home/ubuntu/lhj_behavior_stage/install/traffic_sign_perception/lib/python3.10/site-packages:/home/ubuntu/lhj_behavior_stage/build/nmea_navsat_driver/src:/home/ubuntu/lhj_behavior_stage/install/nmea_navsat_driver/lib/python3.10/site-packages:/home/ubuntu/lhj_behavior_stage/build/local_pkg1:/home/ubuntu/lhj_behavior_stage/install/local_pkg1/lib/python3.10/site-packages:/home/ubuntu/lhj_behavior_stage/build/erp42pro_interface:/home/ubuntu/lhj_behavior_stage/install/erp42pro_interface/lib/python3.10/site-packages:${PYTHONPATH} /usr/bin/cmake --install /home/ubuntu/lhj_behavior_stage/build/behavior_stack_bringup
[62.749s] colcon.colcon_core.environment Level 1 create_environment_scripts_only(behavior_stack_bringup)
[62.750s] colcon.colcon_core.environment Level 1 checking '/home/ubuntu/lhj_behavior_stage/install/behavior_stack_bringup' for CMake module files
[62.750s] colcon.colcon_core.event_handler.log_command DEBUG Invoked command in '/home/ubuntu/lhj_behavior_stage/build/behavior_stack_bringup' returned '0': AMENT_PREFIX_PATH=/home/ubuntu/lhj_behavior_stage/install/wit_ros2_imu:/home/ubuntu/lhj_behavior_stage/install/traffic_sign_perception:/home/ubuntu/lhj_behavior_stage/install/planning_pkg_2025:/home/ubuntu/lhj_behavior_stage/install/nmea_navsat_driver:/home/ubuntu/lhj_behavior_stage/install/local_pkg1:/home/ubuntu/lhj_behavior_stage/install/lidar:/home/ubuntu/lhj_behavior_stage/install/kroad_planning_utm_pkg:/home/ubuntu/lhj_behavior_stage/install/erp42pro_interface:/home/ubuntu/lhj_behavior_stage/install/control:${AMENT_PREFIX_PATH} CMAKE_PREFIX_PATH=/home/ubuntu/lhj_behavior_stage/install/planning_pkg_2025:/home/ubuntu/lhj_behavior_stage/install/lidar:/home/ubuntu/lhj_behavior_stage/install/kroad_planning_utm_pkg:/home/ubuntu/lhj_behavior_stage/install/control:/home/ubuntu/robot_ws/install/zed_ros2:/home/ubuntu/robot_ws/install/zed_wrapper:/home/ubuntu/robot_ws/install/zed_debug:/home/ubuntu/robot_ws/install/zed_components:/home/ubuntu/robot_ws/install/dsr_realtime_control:/home/ubuntu/robot_ws/install/dsr_mujoco:/home/ubuntu/robot_ws/install/dsr_controller2:/home/ubuntu/robot_ws/install/dsr_msgs2:/home/ubuntu/robot_ws/install/dsr_moveit_config_p3020:/home/ubuntu/robot_ws/install/dsr_moveit_config_m1509:/home/ubuntu/robot_ws/install/dsr_moveit_config_m1013:/home/ubuntu/robot_ws/install/dsr_moveit_config_m0617:/home/ubuntu/robot_ws/install/dsr_moveit_config_m0609:/home/ubuntu/robot_ws/install/dsr_moveit_config_h2515:/home/ubuntu/robot_ws/install/dsr_moveit_config_h2017:/home/ubuntu/robot_ws/install/dsr_moveit_config_e0509:/home/ubuntu/robot_ws/install/dsr_moveit_config_a0912:/home/ubuntu/robot_ws/install/dsr_moveit_config_a0509:/home/ubuntu/robot_ws/install/dsr_hardware2:/home/ubuntu/robot_ws/install/dsr_gazebo2:/home/ubuntu/robot_ws/install/dsr_description2:/home/ubuntu/robot_ws/install/dsr_common2:/home/ubuntu/robot_ws/install/vla_data_collector:/home/ubuntu/robot_ws/install/openvla_doosan_runtime_async:/home/ubuntu/robot_ws/install/openvla_doosan_runtime:/home/ubuntu/robot_ws/install/dsr_visualservoing:/home/ubuntu/robot_ws/install/dsr_tests:/home/ubuntu/robot_ws/install/dsr_bringup2:/home/ubuntu/robot_ws/install/dsr_example:/opt/ros/humble CONDA_PROMPT_MODIFIER=(base) LD_LIBRARY_PATH=/home/ubuntu/lhj_behavior_stage/install/planning_pkg_2025/lib:${LD_LIBRARY_PATH} PYTHONPATH=/home/ubuntu/lhj_behavior_stage/build/wit_ros2_imu:/home/ubuntu/lhj_behavior_stage/install/wit_ros2_imu/lib/python3.10/site-packages:/home/ubuntu/lhj_behavior_stage/build/traffic_sign_perception:/home/ubuntu/lhj_behavior_stage/install/traffic_sign_perception/lib/python3.10/site-packages:/home/ubuntu/lhj_behavior_stage/build/nmea_navsat_driver/src:/home/ubuntu/lhj_behavior_stage/install/nmea_navsat_driver/lib/python3.10/site-packages:/home/ubuntu/lhj_behavior_stage/build/local_pkg1:/home/ubuntu/lhj_behavior_stage/install/local_pkg1/lib/python3.10/site-packages:/home/ubuntu/lhj_behavior_stage/build/erp42pro_interface:/home/ubuntu/lhj_behavior_stage/install/erp42pro_interface/lib/python3.10/site-packages:${PYTHONPATH} /usr/bin/cmake --install /home/ubuntu/lhj_behavior_stage/build/behavior_stack_bringup
[62.751s] colcon.colcon_core.environment Level 1 checking '/home/ubuntu/lhj_behavior_stage/install/behavior_stack_bringup' for CMake config files
[62.751s] colcon.colcon_core.shell Level 1 create_environment_hook('behavior_stack_bringup', 'cmake_prefix_path')
[62.751s] colcon.colcon_core.shell INFO Creating environment hook '/home/ubuntu/lhj_behavior_stage/install/behavior_stack_bringup/share/behavior_stack_bringup/hook/cmake_prefix_path.ps1'
[62.752s] colcon.colcon_core.shell INFO Creating environment descriptor '/home/ubuntu/lhj_behavior_stage/install/behavior_stack_bringup/share/behavior_stack_bringup/hook/cmake_prefix_path.dsv'
[62.752s] colcon.colcon_core.shell INFO Creating environment hook '/home/ubuntu/lhj_behavior_stage/install/behavior_stack_bringup/share/behavior_stack_bringup/hook/cmake_prefix_path.sh'
[62.752s] colcon.colcon_core.environment Level 1 checking '/home/ubuntu/lhj_behavior_stage/install/behavior_stack_bringup/lib'
[62.753s] colcon.colcon_core.environment Level 1 checking '/home/ubuntu/lhj_behavior_stage/install/behavior_stack_bringup/bin'
[62.753s] colcon.colcon_core.environment Level 1 checking '/home/ubuntu/lhj_behavior_stage/install/behavior_stack_bringup/lib/pkgconfig/behavior_stack_bringup.pc'
[62.753s] colcon.colcon_core.environment Level 1 checking '/home/ubuntu/lhj_behavior_stage/install/behavior_stack_bringup/lib/python3.10/site-packages'
[62.753s] colcon.colcon_core.environment Level 1 checking '/home/ubuntu/lhj_behavior_stage/install/behavior_stack_bringup/bin'
[62.753s] colcon.colcon_core.shell INFO Creating package script '/home/ubuntu/lhj_behavior_stage/install/behavior_stack_bringup/share/behavior_stack_bringup/package.ps1'
[62.754s] colcon.colcon_core.shell INFO Creating package descriptor '/home/ubuntu/lhj_behavior_stage/install/behavior_stack_bringup/share/behavior_stack_bringup/package.dsv'
[62.754s] colcon.colcon_core.shell INFO Creating package script '/home/ubuntu/lhj_behavior_stage/install/behavior_stack_bringup/share/behavior_stack_bringup/package.sh'
[62.755s] colcon.colcon_core.shell INFO Creating package script '/home/ubuntu/lhj_behavior_stage/install/behavior_stack_bringup/share/behavior_stack_bringup/package.bash'
[62.755s] colcon.colcon_core.shell INFO Creating package script '/home/ubuntu/lhj_behavior_stage/install/behavior_stack_bringup/share/behavior_stack_bringup/package.zsh'
[62.755s] colcon.colcon_core.environment Level 1 create_file_with_runtime_dependencies(/home/ubuntu/lhj_behavior_stage/install/behavior_stack_bringup/share/colcon-core/packages/behavior_stack_bringup)
[62.756s] colcon.colcon_core.environment Level 1 create_environment_scripts_only(behavior_stack_bringup)
[62.756s] colcon.colcon_core.environment Level 1 checking '/home/ubuntu/lhj_behavior_stage/install/behavior_stack_bringup' for CMake module files
[62.756s] colcon.colcon_core.environment Level 1 checking '/home/ubuntu/lhj_behavior_stage/install/behavior_stack_bringup' for CMake config files
[62.757s] colcon.colcon_core.shell Level 1 create_environment_hook('behavior_stack_bringup', 'cmake_prefix_path')
[62.757s] colcon.colcon_core.shell INFO Creating environment hook '/home/ubuntu/lhj_behavior_stage/install/behavior_stack_bringup/share/behavior_stack_bringup/hook/cmake_prefix_path.ps1'
[62.757s] colcon.colcon_core.shell INFO Creating environment descriptor '/home/ubuntu/lhj_behavior_stage/install/behavior_stack_bringup/share/behavior_stack_bringup/hook/cmake_prefix_path.dsv'
[62.758s] colcon.colcon_core.shell INFO Creating environment hook '/home/ubuntu/lhj_behavior_stage/install/behavior_stack_bringup/share/behavior_stack_bringup/hook/cmake_prefix_path.sh'
[62.758s] colcon.colcon_core.environment Level 1 checking '/home/ubuntu/lhj_behavior_stage/install/behavior_stack_bringup/lib'
[62.758s] colcon.colcon_core.environment Level 1 checking '/home/ubuntu/lhj_behavior_stage/install/behavior_stack_bringup/bin'
[62.758s] colcon.colcon_core.environment Level 1 checking '/home/ubuntu/lhj_behavior_stage/install/behavior_stack_bringup/lib/pkgconfig/behavior_stack_bringup.pc'
[62.758s] colcon.colcon_core.environment Level 1 checking '/home/ubuntu/lhj_behavior_stage/install/behavior_stack_bringup/lib/python3.10/site-packages'
[62.759s] colcon.colcon_core.environment Level 1 checking '/home/ubuntu/lhj_behavior_stage/install/behavior_stack_bringup/bin'
[62.759s] colcon.colcon_core.shell INFO Creating package script '/home/ubuntu/lhj_behavior_stage/install/behavior_stack_bringup/share/behavior_stack_bringup/package.ps1'
[62.760s] colcon.colcon_core.shell INFO Creating package descriptor '/home/ubuntu/lhj_behavior_stage/install/behavior_stack_bringup/share/behavior_stack_bringup/package.dsv'
[62.760s] colcon.colcon_core.shell INFO Creating package script '/home/ubuntu/lhj_behavior_stage/install/behavior_stack_bringup/share/behavior_stack_bringup/package.sh'
[62.760s] colcon.colcon_core.shell INFO Creating package script '/home/ubuntu/lhj_behavior_stage/install/behavior_stack_bringup/share/behavior_stack_bringup/package.bash'
[62.761s] colcon.colcon_core.shell INFO Creating package script '/home/ubuntu/lhj_behavior_stage/install/behavior_stack_bringup/share/behavior_stack_bringup/package.zsh'
[62.761s] colcon.colcon_core.environment Level 1 create_file_with_runtime_dependencies(/home/ubuntu/lhj_behavior_stage/install/behavior_stack_bringup/share/colcon-core/packages/behavior_stack_bringup)
[62.761s] colcon.colcon_parallel_executor.executor.parallel DEBUG closing loop
[62.761s] colcon.colcon_parallel_executor.executor.parallel DEBUG loop closed
[62.761s] colcon.colcon_parallel_executor.executor.parallel DEBUG run_until_complete finished with '0'
[62.762s] colcon.colcon_core.event_reactor DEBUG joining thread
[62.766s] colcon.colcon_core.plugin_system INFO Skipping extension 'colcon_notification.desktop_notification.terminal_notifier': Not used on non-Darwin systems
[62.766s] colcon.colcon_core.plugin_system INFO Skipping extension 'colcon_notification.desktop_notification.win32': Not used on non-Windows systems
[62.766s] colcon.colcon_notification.desktop_notification INFO Sending desktop notification using 'notify2'
[62.766s] colcon.colcon_notification.desktop_notification.notify2 DEBUG Failed to initialize notify2: org.freedesktop.DBus.Error.AccessDenied: Failed to connect to socket /run/user/1000/bus: Operation not permitted
[62.766s] colcon.colcon_core.event_reactor DEBUG joined thread
[62.767s] colcon.colcon_core.shell INFO Creating prefix script '/home/ubuntu/lhj_behavior_stage/install/local_setup.ps1'
[62.768s] colcon.colcon_core.shell INFO Creating prefix util module '/home/ubuntu/lhj_behavior_stage/install/_local_setup_util_ps1.py'
[62.769s] colcon.colcon_core.shell INFO Creating prefix chain script '/home/ubuntu/lhj_behavior_stage/install/setup.ps1'
[62.771s] colcon.colcon_core.shell INFO Creating prefix script '/home/ubuntu/lhj_behavior_stage/install/local_setup.sh'
[62.771s] colcon.colcon_core.shell INFO Creating prefix util module '/home/ubuntu/lhj_behavior_stage/install/_local_setup_util_sh.py'
[62.772s] colcon.colcon_core.shell INFO Creating prefix chain script '/home/ubuntu/lhj_behavior_stage/install/setup.sh'
[62.774s] colcon.colcon_core.shell INFO Creating prefix script '/home/ubuntu/lhj_behavior_stage/install/local_setup.bash'
[62.774s] colcon.colcon_core.shell INFO Creating prefix chain script '/home/ubuntu/lhj_behavior_stage/install/setup.bash'
[62.776s] colcon.colcon_core.shell INFO Creating prefix script '/home/ubuntu/lhj_behavior_stage/install/local_setup.zsh'
[62.777s] colcon.colcon_core.shell INFO Creating prefix chain script '/home/ubuntu/lhj_behavior_stage/install/setup.zsh'
