[0.122s] colcon DEBUG Command line arguments: ['/usr/bin/colcon', 'build', '--symlink-install']
[0.122s] colcon DEBUG Parsed command line arguments: Namespace(log_base=None, log_level=None, verb_name='build', build_base='build', install_base='install', merge_install=False, symlink_install=True, test_result_base=None, continue_on_error=False, executor='parallel', parallel_workers=20, event_handlers=None, ignore_user_meta=False, metas=['./colcon.meta'], base_paths=['.'], packages_ignore=None, packages_ignore_regex=None, paths=None, packages_up_to=None, packages_up_to_regex=None, packages_above=None, packages_above_and_dependencies=None, packages_above_depth=None, packages_select_by_dep=None, packages_skip_by_dep=None, packages_skip_up_to=None, packages_select_build_failed=False, packages_skip_build_finished=False, packages_select_test_failures=False, packages_skip_test_passed=False, packages_select=None, packages_skip=None, packages_select_regex=None, packages_skip_regex=None, packages_start=None, packages_end=None, allow_overriding=[], cmake_args=None, cmake_target=None, cmake_target_skip_unavailable=False, cmake_clean_cache=False, cmake_clean_first=False, cmake_force_configure=False, ament_cmake_args=None, catkin_cmake_args=None, catkin_skip_building_tests=False, verb_parser=<colcon_defaults.argument_parser.defaults.DefaultArgumentsDecorator object at 0x7cfb9e71afe0>, verb_extension=<colcon_core.verb.build.BuildVerb object at 0x7cfb9e870a60>, main=<bound method BuildVerb.main of <colcon_core.verb.build.BuildVerb object at 0x7cfb9e870a60>>)
[0.321s] colcon.colcon_core.package_discovery Level 1 discover_packages(colcon_meta) check parameters
[0.321s] colcon.colcon_core.package_discovery Level 1 discover_packages(recursive) check parameters
[0.321s] colcon.colcon_core.package_discovery Level 1 discover_packages(ignore) check parameters
[0.321s] colcon.colcon_core.package_discovery Level 1 discover_packages(path) check parameters
[0.321s] colcon.colcon_core.package_discovery Level 1 discover_packages(colcon_meta) discover
[0.321s] colcon.colcon_core.package_discovery Level 1 discover_packages(recursive) discover
[0.321s] colcon.colcon_core.package_discovery INFO Crawling recursively for packages in '/home/ubuntu/lhj_behavior_stage'
[0.321s] colcon.colcon_core.package_identification Level 1 _identify(.) by extensions ['ignore', 'ignore_ament_install']
[0.321s] colcon.colcon_core.package_identification Level 1 _identify(.) by extension 'ignore'
[0.321s] colcon.colcon_core.package_identification Level 1 _identify(.) by extension 'ignore_ament_install'
[0.321s] colcon.colcon_core.package_identification Level 1 _identify(.) by extensions ['colcon_pkg']
[0.321s] colcon.colcon_core.package_identification Level 1 _identify(.) by extension 'colcon_pkg'
[0.321s] colcon.colcon_core.package_identification Level 1 _identify(.) by extensions ['colcon_meta']
[0.321s] colcon.colcon_core.package_identification Level 1 _identify(.) by extension 'colcon_meta'
[0.321s] colcon.colcon_core.package_identification Level 1 _identify(.) by extensions ['ros']
[0.321s] colcon.colcon_core.package_identification Level 1 _identify(.) by extension 'ros'
[0.339s] colcon.colcon_core.package_identification Level 1 _identify(.) by extensions ['cmake', 'python']
[0.339s] colcon.colcon_core.package_identification Level 1 _identify(.) by extension 'cmake'
[0.339s] colcon.colcon_core.package_identification Level 1 _identify(.) by extension 'python'
[0.339s] colcon.colcon_core.package_identification Level 1 _identify(.) by extensions ['python_setup_py']
[0.339s] colcon.colcon_core.package_identification Level 1 _identify(.) by extension 'python_setup_py'
[0.339s] colcon.colcon_core.package_identification Level 1 _identify(build) by extensions ['ignore', 'ignore_ament_install']
[0.339s] colcon.colcon_core.package_identification Level 1 _identify(build) by extension 'ignore'
[0.339s] colcon.colcon_core.package_identification Level 1 _identify(build) ignored
[0.339s] colcon.colcon_core.package_identification Level 1 _identify(docs) by extensions ['ignore', 'ignore_ament_install']
[0.339s] colcon.colcon_core.package_identification Level 1 _identify(docs) by extension 'ignore'
[0.339s] colcon.colcon_core.package_identification Level 1 _identify(docs) by extension 'ignore_ament_install'
[0.339s] colcon.colcon_core.package_identification Level 1 _identify(docs) by extensions ['colcon_pkg']
[0.340s] colcon.colcon_core.package_identification Level 1 _identify(docs) by extension 'colcon_pkg'
[0.340s] colcon.colcon_core.package_identification Level 1 _identify(docs) by extensions ['colcon_meta']
[0.340s] colcon.colcon_core.package_identification Level 1 _identify(docs) by extension 'colcon_meta'
[0.340s] colcon.colcon_core.package_identification Level 1 _identify(docs) by extensions ['ros']
[0.340s] colcon.colcon_core.package_identification Level 1 _identify(docs) by extension 'ros'
[0.340s] colcon.colcon_core.package_identification Level 1 _identify(docs) by extensions ['cmake', 'python']
[0.340s] colcon.colcon_core.package_identification Level 1 _identify(docs) by extension 'cmake'
[0.340s] colcon.colcon_core.package_identification Level 1 _identify(docs) by extension 'python'
[0.340s] colcon.colcon_core.package_identification Level 1 _identify(docs) by extensions ['python_setup_py']
[0.340s] colcon.colcon_core.package_identification Level 1 _identify(docs) by extension 'python_setup_py'
[0.340s] colcon.colcon_core.package_identification Level 1 _identify(install) by extensions ['ignore', 'ignore_ament_install']
[0.340s] colcon.colcon_core.package_identification Level 1 _identify(install) by extension 'ignore'
[0.340s] colcon.colcon_core.package_identification Level 1 _identify(install) ignored
[0.340s] colcon.colcon_core.package_identification Level 1 _identify(log) by extensions ['ignore', 'ignore_ament_install']
[0.340s] colcon.colcon_core.package_identification Level 1 _identify(log) by extension 'ignore'
[0.340s] colcon.colcon_core.package_identification Level 1 _identify(log) ignored
[0.340s] colcon.colcon_core.package_identification Level 1 _identify(src) by extensions ['ignore', 'ignore_ament_install']
[0.341s] colcon.colcon_core.package_identification Level 1 _identify(src) by extension 'ignore'
[0.341s] colcon.colcon_core.package_identification Level 1 _identify(src) by extension 'ignore_ament_install'
[0.341s] colcon.colcon_core.package_identification Level 1 _identify(src) by extensions ['colcon_pkg']
[0.341s] colcon.colcon_core.package_identification Level 1 _identify(src) by extension 'colcon_pkg'
[0.341s] colcon.colcon_core.package_identification Level 1 _identify(src) by extensions ['colcon_meta']
[0.341s] colcon.colcon_core.package_identification Level 1 _identify(src) by extension 'colcon_meta'
[0.341s] colcon.colcon_core.package_identification Level 1 _identify(src) by extensions ['ros']
[0.341s] colcon.colcon_core.package_identification Level 1 _identify(src) by extension 'ros'
[0.341s] colcon.colcon_core.package_identification Level 1 _identify(src) by extensions ['cmake', 'python']
[0.341s] colcon.colcon_core.package_identification Level 1 _identify(src) by extension 'cmake'
[0.341s] colcon.colcon_core.package_identification Level 1 _identify(src) by extension 'python'
[0.341s] colcon.colcon_core.package_identification Level 1 _identify(src) by extensions ['python_setup_py']
[0.341s] colcon.colcon_core.package_identification Level 1 _identify(src) by extension 'python_setup_py'
[0.341s] colcon.colcon_core.package_identification Level 1 _identify(src/behavior_stack_bringup) by extensions ['ignore', 'ignore_ament_install']
[0.341s] colcon.colcon_core.package_identification Level 1 _identify(src/behavior_stack_bringup) by extension 'ignore'
[0.341s] colcon.colcon_core.package_identification Level 1 _identify(src/behavior_stack_bringup) by extension 'ignore_ament_install'
[0.341s] colcon.colcon_core.package_identification Level 1 _identify(src/behavior_stack_bringup) by extensions ['colcon_pkg']
[0.341s] colcon.colcon_core.package_identification Level 1 _identify(src/behavior_stack_bringup) by extension 'colcon_pkg'
[0.341s] colcon.colcon_core.package_identification Level 1 _identify(src/behavior_stack_bringup) by extensions ['colcon_meta']
[0.341s] colcon.colcon_core.package_identification Level 1 _identify(src/behavior_stack_bringup) by extension 'colcon_meta'
[0.341s] colcon.colcon_core.package_identification Level 1 _identify(src/behavior_stack_bringup) by extensions ['ros']
[0.342s] colcon.colcon_core.package_identification Level 1 _identify(src/behavior_stack_bringup) by extension 'ros'
[0.344s] colcon.colcon_core.package_identification DEBUG Package 'src/behavior_stack_bringup' with type 'ros.ament_cmake' and name 'behavior_stack_bringup'
[0.344s] colcon.colcon_core.package_identification Level 1 _identify(src/control) by extensions ['ignore', 'ignore_ament_install']
[0.344s] colcon.colcon_core.package_identification Level 1 _identify(src/control) by extension 'ignore'
[0.344s] colcon.colcon_core.package_identification Level 1 _identify(src/control) by extension 'ignore_ament_install'
[0.344s] colcon.colcon_core.package_identification Level 1 _identify(src/control) by extensions ['colcon_pkg']
[0.344s] colcon.colcon_core.package_identification Level 1 _identify(src/control) by extension 'colcon_pkg'
[0.344s] colcon.colcon_core.package_identification Level 1 _identify(src/control) by extensions ['colcon_meta']
[0.344s] colcon.colcon_core.package_identification Level 1 _identify(src/control) by extension 'colcon_meta'
[0.344s] colcon.colcon_core.package_identification Level 1 _identify(src/control) by extensions ['ros']
[0.345s] colcon.colcon_core.package_identification Level 1 _identify(src/control) by extension 'ros'
[0.345s] colcon.colcon_core.package_identification DEBUG Package 'src/control' with type 'ros.ament_cmake' and name 'control'
[0.345s] colcon.colcon_core.package_identification Level 1 _identify(src/convertcs) by extensions ['ignore', 'ignore_ament_install']
[0.346s] colcon.colcon_core.package_identification Level 1 _identify(src/convertcs) by extension 'ignore'
[0.346s] colcon.colcon_core.package_identification Level 1 _identify(src/convertcs) by extension 'ignore_ament_install'
[0.346s] colcon.colcon_core.package_identification Level 1 _identify(src/convertcs) by extensions ['colcon_pkg']
[0.346s] colcon.colcon_core.package_identification Level 1 _identify(src/convertcs) by extension 'colcon_pkg'
[0.346s] colcon.colcon_core.package_identification Level 1 _identify(src/convertcs) by extensions ['colcon_meta']
[0.346s] colcon.colcon_core.package_identification Level 1 _identify(src/convertcs) by extension 'colcon_meta'
[0.346s] colcon.colcon_core.package_identification Level 1 _identify(src/convertcs) by extensions ['ros']
[0.346s] colcon.colcon_core.package_identification Level 1 _identify(src/convertcs) by extension 'ros'
[0.347s] colcon.colcon_core.package_identification DEBUG Package 'src/convertcs' with type 'ros.ament_cmake' and name 'kroad_planning_utm_pkg'
[0.347s] colcon.colcon_core.package_identification Level 1 _identify(src/erp42pro_interface) by extensions ['ignore', 'ignore_ament_install']
[0.347s] colcon.colcon_core.package_identification Level 1 _identify(src/erp42pro_interface) by extension 'ignore'
[0.347s] colcon.colcon_core.package_identification Level 1 _identify(src/erp42pro_interface) by extension 'ignore_ament_install'
[0.347s] colcon.colcon_core.package_identification Level 1 _identify(src/erp42pro_interface) by extensions ['colcon_pkg']
[0.347s] colcon.colcon_core.package_identification Level 1 _identify(src/erp42pro_interface) by extension 'colcon_pkg'
[0.347s] colcon.colcon_core.package_identification Level 1 _identify(src/erp42pro_interface) by extensions ['colcon_meta']
[0.347s] colcon.colcon_core.package_identification Level 1 _identify(src/erp42pro_interface) by extension 'colcon_meta'
[0.347s] colcon.colcon_core.package_identification Level 1 _identify(src/erp42pro_interface) by extensions ['ros']
[0.347s] colcon.colcon_core.package_identification Level 1 _identify(src/erp42pro_interface) by extension 'ros'
[0.348s] colcon.colcon_core.package_identification DEBUG Package 'src/erp42pro_interface' with type 'ros.ament_python' and name 'erp42pro_interface'
[0.348s] colcon.colcon_core.package_identification Level 1 _identify(src/erp_ros2_bridge) by extensions ['ignore', 'ignore_ament_install']
[0.348s] colcon.colcon_core.package_identification Level 1 _identify(src/erp_ros2_bridge) by extension 'ignore'
[0.348s] colcon.colcon_core.package_identification Level 1 _identify(src/erp_ros2_bridge) by extension 'ignore_ament_install'
[0.348s] colcon.colcon_core.package_identification Level 1 _identify(src/erp_ros2_bridge) by extensions ['colcon_pkg']
[0.348s] colcon.colcon_core.package_identification Level 1 _identify(src/erp_ros2_bridge) by extension 'colcon_pkg'
[0.348s] colcon.colcon_core.package_identification Level 1 _identify(src/erp_ros2_bridge) by extensions ['colcon_meta']
[0.348s] colcon.colcon_core.package_identification Level 1 _identify(src/erp_ros2_bridge) by extension 'colcon_meta'
[0.348s] colcon.colcon_core.package_identification Level 1 _identify(src/erp_ros2_bridge) by extensions ['ros']
[0.348s] colcon.colcon_core.package_identification Level 1 _identify(src/erp_ros2_bridge) by extension 'ros'
[0.349s] colcon.colcon_core.package_identification DEBUG Package 'src/erp_ros2_bridge' with type 'ros.ament_python' and name 'erp_ros2_bridge'
[0.349s] colcon.colcon_core.package_identification Level 1 _identify(src/lidar) by extensions ['ignore', 'ignore_ament_install']
[0.349s] colcon.colcon_core.package_identification Level 1 _identify(src/lidar) by extension 'ignore'
[0.349s] colcon.colcon_core.package_identification Level 1 _identify(src/lidar) by extension 'ignore_ament_install'
[0.349s] colcon.colcon_core.package_identification Level 1 _identify(src/lidar) by extensions ['colcon_pkg']
[0.349s] colcon.colcon_core.package_identification Level 1 _identify(src/lidar) by extension 'colcon_pkg'
[0.349s] colcon.colcon_core.package_identification Level 1 _identify(src/lidar) by extensions ['colcon_meta']
[0.349s] colcon.colcon_core.package_identification Level 1 _identify(src/lidar) by extension 'colcon_meta'
[0.349s] colcon.colcon_core.package_identification Level 1 _identify(src/lidar) by extensions ['ros']
[0.349s] colcon.colcon_core.package_identification Level 1 _identify(src/lidar) by extension 'ros'
[0.350s] colcon.colcon_core.package_identification DEBUG Package 'src/lidar' with type 'ros.ament_cmake' and name 'lidar'
[0.350s] colcon.colcon_core.package_identification Level 1 _identify(src/local_pkg1) by extensions ['ignore', 'ignore_ament_install']
[0.350s] colcon.colcon_core.package_identification Level 1 _identify(src/local_pkg1) by extension 'ignore'
[0.350s] colcon.colcon_core.package_identification Level 1 _identify(src/local_pkg1) by extension 'ignore_ament_install'
[0.350s] colcon.colcon_core.package_identification Level 1 _identify(src/local_pkg1) by extensions ['colcon_pkg']
[0.350s] colcon.colcon_core.package_identification Level 1 _identify(src/local_pkg1) by extension 'colcon_pkg'
[0.350s] colcon.colcon_core.package_identification Level 1 _identify(src/local_pkg1) by extensions ['colcon_meta']
[0.350s] colcon.colcon_core.package_identification Level 1 _identify(src/local_pkg1) by extension 'colcon_meta'
[0.350s] colcon.colcon_core.package_identification Level 1 _identify(src/local_pkg1) by extensions ['ros']
[0.351s] colcon.colcon_core.package_identification Level 1 _identify(src/local_pkg1) by extension 'ros'
[0.351s] colcon.colcon_core.package_identification DEBUG Package 'src/local_pkg1' with type 'ros.ament_python' and name 'local_pkg1'
[0.351s] colcon.colcon_core.package_identification Level 1 _identify(src/nmea_navsat_driver) by extensions ['ignore', 'ignore_ament_install']
[0.351s] colcon.colcon_core.package_identification Level 1 _identify(src/nmea_navsat_driver) by extension 'ignore'
[0.352s] colcon.colcon_core.package_identification Level 1 _identify(src/nmea_navsat_driver) by extension 'ignore_ament_install'
[0.352s] colcon.colcon_core.package_identification Level 1 _identify(src/nmea_navsat_driver) by extensions ['colcon_pkg']
[0.352s] colcon.colcon_core.package_identification Level 1 _identify(src/nmea_navsat_driver) by extension 'colcon_pkg'
[0.352s] colcon.colcon_core.package_identification Level 1 _identify(src/nmea_navsat_driver) by extensions ['colcon_meta']
[0.352s] colcon.colcon_core.package_identification Level 1 _identify(src/nmea_navsat_driver) by extension 'colcon_meta'
[0.352s] colcon.colcon_core.package_identification Level 1 _identify(src/nmea_navsat_driver) by extensions ['ros']
[0.352s] colcon.colcon_core.package_identification Level 1 _identify(src/nmea_navsat_driver) by extension 'ros'
[0.352s] colcon.colcon_core.package_identification DEBUG Package 'src/nmea_navsat_driver' with type 'ros.ament_python' and name 'nmea_navsat_driver'
[0.352s] colcon.colcon_core.package_identification Level 1 _identify(src/planning) by extensions ['ignore', 'ignore_ament_install']
[0.353s] colcon.colcon_core.package_identification Level 1 _identify(src/planning) by extension 'ignore'
[0.353s] colcon.colcon_core.package_identification Level 1 _identify(src/planning) by extension 'ignore_ament_install'
[0.353s] colcon.colcon_core.package_identification Level 1 _identify(src/planning) by extensions ['colcon_pkg']
[0.353s] colcon.colcon_core.package_identification Level 1 _identify(src/planning) by extension 'colcon_pkg'
[0.353s] colcon.colcon_core.package_identification Level 1 _identify(src/planning) by extensions ['colcon_meta']
[0.353s] colcon.colcon_core.package_identification Level 1 _identify(src/planning) by extension 'colcon_meta'
[0.353s] colcon.colcon_core.package_identification Level 1 _identify(src/planning) by extensions ['ros']
[0.353s] colcon.colcon_core.package_identification Level 1 _identify(src/planning) by extension 'ros'
[0.354s] colcon.colcon_core.package_identification DEBUG Package 'src/planning' with type 'ros.ament_cmake' and name 'planning_pkg_2025'
[0.354s] colcon.colcon_core.package_identification Level 1 _identify(src/traffic_sign_perception) by extensions ['ignore', 'ignore_ament_install']
[0.354s] colcon.colcon_core.package_identification Level 1 _identify(src/traffic_sign_perception) by extension 'ignore'
[0.354s] colcon.colcon_core.package_identification Level 1 _identify(src/traffic_sign_perception) by extension 'ignore_ament_install'
[0.354s] colcon.colcon_core.package_identification Level 1 _identify(src/traffic_sign_perception) by extensions ['colcon_pkg']
[0.354s] colcon.colcon_core.package_identification Level 1 _identify(src/traffic_sign_perception) by extension 'colcon_pkg'
[0.354s] colcon.colcon_core.package_identification Level 1 _identify(src/traffic_sign_perception) by extensions ['colcon_meta']
[0.354s] colcon.colcon_core.package_identification Level 1 _identify(src/traffic_sign_perception) by extension 'colcon_meta'
[0.354s] colcon.colcon_core.package_identification Level 1 _identify(src/traffic_sign_perception) by extensions ['ros']
[0.354s] colcon.colcon_core.package_identification Level 1 _identify(src/traffic_sign_perception) by extension 'ros'
[0.355s] colcon.colcon_core.package_identification DEBUG Package 'src/traffic_sign_perception' with type 'ros.ament_python' and name 'traffic_sign_perception'
[0.355s] colcon.colcon_core.package_identification Level 1 _identify(src/wit_ros2_imu) by extensions ['ignore', 'ignore_ament_install']
[0.355s] colcon.colcon_core.package_identification Level 1 _identify(src/wit_ros2_imu) by extension 'ignore'
[0.355s] colcon.colcon_core.package_identification Level 1 _identify(src/wit_ros2_imu) by extension 'ignore_ament_install'
[0.355s] colcon.colcon_core.package_identification Level 1 _identify(src/wit_ros2_imu) by extensions ['colcon_pkg']
[0.355s] colcon.colcon_core.package_identification Level 1 _identify(src/wit_ros2_imu) by extension 'colcon_pkg'
[0.355s] colcon.colcon_core.package_identification Level 1 _identify(src/wit_ros2_imu) by extensions ['colcon_meta']
[0.355s] colcon.colcon_core.package_identification Level 1 _identify(src/wit_ros2_imu) by extension 'colcon_meta'
[0.355s] colcon.colcon_core.package_identification Level 1 _identify(src/wit_ros2_imu) by extensions ['ros']
[0.355s] colcon.colcon_core.package_identification Level 1 _identify(src/wit_ros2_imu) by extension 'ros'
[0.356s] colcon.colcon_core.package_identification DEBUG Package 'src/wit_ros2_imu' with type 'ros.ament_python' and name 'wit_ros2_imu'
[0.356s] colcon.colcon_core.package_discovery Level 1 discover_packages(recursive) using defaults
[0.356s] colcon.colcon_core.package_discovery Level 1 discover_packages(ignore) discover
[0.356s] colcon.colcon_core.package_discovery Level 1 discover_packages(ignore) using defaults
[0.356s] colcon.colcon_core.package_discovery Level 1 discover_packages(path) discover
[0.356s] colcon.colcon_core.package_discovery Level 1 discover_packages(path) using defaults
[0.377s] colcon.colcon_core.package_discovery Level 1 discover_packages(prefix_path) check parameters
[0.377s] colcon.colcon_core.package_discovery Level 1 discover_packages(prefix_path) discover
[0.380s] colcon.colcon_installed_package_information.package_discovery DEBUG Found 29 installed packages in /home/ubuntu/robot_ws/install
[0.381s] colcon.colcon_installed_package_information.package_discovery DEBUG Found 359 installed packages in /opt/ros/humble
[0.383s] colcon.colcon_core.package_discovery Level 1 discover_packages(prefix_path) using defaults
[0.426s] colcon.colcon_core.verb Level 5 set package 'control' build argument 'cmake_args' from command line to 'None'
[0.426s] colcon.colcon_core.verb Level 5 set package 'control' build argument 'cmake_target' from command line to 'None'
[0.426s] colcon.colcon_core.verb Level 5 set package 'control' build argument 'cmake_target_skip_unavailable' from command line to 'False'
[0.426s] colcon.colcon_core.verb Level 5 set package 'control' build argument 'cmake_clean_cache' from command line to 'False'
[0.427s] colcon.colcon_core.verb Level 5 set package 'control' build argument 'cmake_clean_first' from command line to 'False'
[0.427s] colcon.colcon_core.verb Level 5 set package 'control' build argument 'cmake_force_configure' from command line to 'False'
[0.427s] colcon.colcon_core.verb Level 5 set package 'control' build argument 'ament_cmake_args' from command line to 'None'
[0.427s] colcon.colcon_core.verb Level 5 set package 'control' build argument 'catkin_cmake_args' from command line to 'None'
[0.427s] colcon.colcon_core.verb Level 5 set package 'control' build argument 'catkin_skip_building_tests' from command line to 'False'
[0.427s] colcon.colcon_core.verb DEBUG Building package 'control' with the following arguments: {'ament_cmake_args': None, 'build_base': '/home/ubuntu/lhj_behavior_stage/build/control', 'catkin_cmake_args': None, 'catkin_skip_building_tests': False, 'cmake_args': None, 'cmake_clean_cache': False, 'cmake_clean_first': False, 'cmake_force_configure': False, 'cmake_target': None, 'cmake_target_skip_unavailable': False, 'install_base': '/home/ubuntu/lhj_behavior_stage/install/control', 'merge_install': False, 'path': '/home/ubuntu/lhj_behavior_stage/src/control', 'symlink_install': True, 'test_result_base': None}
[0.427s] colcon.colcon_core.verb Level 5 set package 'erp42pro_interface' build argument 'cmake_args' from command line to 'None'
[0.427s] colcon.colcon_core.verb Level 5 set package 'erp42pro_interface' build argument 'cmake_target' from command line to 'None'
[0.427s] colcon.colcon_core.verb Level 5 set package 'erp42pro_interface' build argument 'cmake_target_skip_unavailable' from command line to 'False'
[0.427s] colcon.colcon_core.verb Level 5 set package 'erp42pro_interface' build argument 'cmake_clean_cache' from command line to 'False'
[0.427s] colcon.colcon_core.verb Level 5 set package 'erp42pro_interface' build argument 'cmake_clean_first' from command line to 'False'
[0.427s] colcon.colcon_core.verb Level 5 set package 'erp42pro_interface' build argument 'cmake_force_configure' from command line to 'False'
[0.427s] colcon.colcon_core.verb Level 5 set package 'erp42pro_interface' build argument 'ament_cmake_args' from command line to 'None'
[0.427s] colcon.colcon_core.verb Level 5 set package 'erp42pro_interface' build argument 'catkin_cmake_args' from command line to 'None'
[0.427s] colcon.colcon_core.verb Level 5 set package 'erp42pro_interface' build argument 'catkin_skip_building_tests' from command line to 'False'
[0.427s] colcon.colcon_core.verb DEBUG Building package 'erp42pro_interface' with the following arguments: {'ament_cmake_args': None, 'build_base': '/home/ubuntu/lhj_behavior_stage/build/erp42pro_interface', 'catkin_cmake_args': None, 'catkin_skip_building_tests': False, 'cmake_args': None, 'cmake_clean_cache': False, 'cmake_clean_first': False, 'cmake_force_configure': False, 'cmake_target': None, 'cmake_target_skip_unavailable': False, 'install_base': '/home/ubuntu/lhj_behavior_stage/install/erp42pro_interface', 'merge_install': False, 'path': '/home/ubuntu/lhj_behavior_stage/src/erp42pro_interface', 'symlink_install': True, 'test_result_base': None}
[0.427s] colcon.colcon_core.verb Level 5 set package 'erp_ros2_bridge' build argument 'cmake_args' from command line to 'None'
[0.427s] colcon.colcon_core.verb Level 5 set package 'erp_ros2_bridge' build argument 'cmake_target' from command line to 'None'
[0.427s] colcon.colcon_core.verb Level 5 set package 'erp_ros2_bridge' build argument 'cmake_target_skip_unavailable' from command line to 'False'
[0.427s] colcon.colcon_core.verb Level 5 set package 'erp_ros2_bridge' build argument 'cmake_clean_cache' from command line to 'False'
[0.427s] colcon.colcon_core.verb Level 5 set package 'erp_ros2_bridge' build argument 'cmake_clean_first' from command line to 'False'
[0.427s] colcon.colcon_core.verb Level 5 set package 'erp_ros2_bridge' build argument 'cmake_force_configure' from command line to 'False'
[0.427s] colcon.colcon_core.verb Level 5 set package 'erp_ros2_bridge' build argument 'ament_cmake_args' from command line to 'None'
[0.427s] colcon.colcon_core.verb Level 5 set package 'erp_ros2_bridge' build argument 'catkin_cmake_args' from command line to 'None'
[0.427s] colcon.colcon_core.verb Level 5 set package 'erp_ros2_bridge' build argument 'catkin_skip_building_tests' from command line to 'False'
[0.427s] colcon.colcon_core.verb DEBUG Building package 'erp_ros2_bridge' with the following arguments: {'ament_cmake_args': None, 'build_base': '/home/ubuntu/lhj_behavior_stage/build/erp_ros2_bridge', 'catkin_cmake_args': None, 'catkin_skip_building_tests': False, 'cmake_args': None, 'cmake_clean_cache': False, 'cmake_clean_first': False, 'cmake_force_configure': False, 'cmake_target': None, 'cmake_target_skip_unavailable': False, 'install_base': '/home/ubuntu/lhj_behavior_stage/install/erp_ros2_bridge', 'merge_install': False, 'path': '/home/ubuntu/lhj_behavior_stage/src/erp_ros2_bridge', 'symlink_install': True, 'test_result_base': None}
[0.428s] colcon.colcon_core.verb Level 5 set package 'kroad_planning_utm_pkg' build argument 'cmake_args' from command line to 'None'
[0.428s] colcon.colcon_core.verb Level 5 set package 'kroad_planning_utm_pkg' build argument 'cmake_target' from command line to 'None'
[0.428s] colcon.colcon_core.verb Level 5 set package 'kroad_planning_utm_pkg' build argument 'cmake_target_skip_unavailable' from command line to 'False'
[0.428s] colcon.colcon_core.verb Level 5 set package 'kroad_planning_utm_pkg' build argument 'cmake_clean_cache' from command line to 'False'
[0.428s] colcon.colcon_core.verb Level 5 set package 'kroad_planning_utm_pkg' build argument 'cmake_clean_first' from command line to 'False'
[0.428s] colcon.colcon_core.verb Level 5 set package 'kroad_planning_utm_pkg' build argument 'cmake_force_configure' from command line to 'False'
[0.428s] colcon.colcon_core.verb Level 5 set package 'kroad_planning_utm_pkg' build argument 'ament_cmake_args' from command line to 'None'
[0.428s] colcon.colcon_core.verb Level 5 set package 'kroad_planning_utm_pkg' build argument 'catkin_cmake_args' from command line to 'None'
[0.428s] colcon.colcon_core.verb Level 5 set package 'kroad_planning_utm_pkg' build argument 'catkin_skip_building_tests' from command line to 'False'
[0.428s] colcon.colcon_core.verb DEBUG Building package 'kroad_planning_utm_pkg' with the following arguments: {'ament_cmake_args': None, 'build_base': '/home/ubuntu/lhj_behavior_stage/build/kroad_planning_utm_pkg', 'catkin_cmake_args': None, 'catkin_skip_building_tests': False, 'cmake_args': None, 'cmake_clean_cache': False, 'cmake_clean_first': False, 'cmake_force_configure': False, 'cmake_target': None, 'cmake_target_skip_unavailable': False, 'install_base': '/home/ubuntu/lhj_behavior_stage/install/kroad_planning_utm_pkg', 'merge_install': False, 'path': '/home/ubuntu/lhj_behavior_stage/src/convertcs', 'symlink_install': True, 'test_result_base': None}
[0.428s] colcon.colcon_core.verb Level 5 set package 'lidar' build argument 'cmake_args' from command line to 'None'
[0.428s] colcon.colcon_core.verb Level 5 set package 'lidar' build argument 'cmake_target' from command line to 'None'
[0.428s] colcon.colcon_core.verb Level 5 set package 'lidar' build argument 'cmake_target_skip_unavailable' from command line to 'False'
[0.428s] colcon.colcon_core.verb Level 5 set package 'lidar' build argument 'cmake_clean_cache' from command line to 'False'
[0.428s] colcon.colcon_core.verb Level 5 set package 'lidar' build argument 'cmake_clean_first' from command line to 'False'
[0.428s] colcon.colcon_core.verb Level 5 set package 'lidar' build argument 'cmake_force_configure' from command line to 'False'
[0.428s] colcon.colcon_core.verb Level 5 set package 'lidar' build argument 'ament_cmake_args' from command line to 'None'
[0.428s] colcon.colcon_core.verb Level 5 set package 'lidar' build argument 'catkin_cmake_args' from command line to 'None'
[0.428s] colcon.colcon_core.verb Level 5 set package 'lidar' build argument 'catkin_skip_building_tests' from command line to 'False'
[0.428s] colcon.colcon_core.verb DEBUG Building package 'lidar' with the following arguments: {'ament_cmake_args': None, 'build_base': '/home/ubuntu/lhj_behavior_stage/build/lidar', 'catkin_cmake_args': None, 'catkin_skip_building_tests': False, 'cmake_args': None, 'cmake_clean_cache': False, 'cmake_clean_first': False, 'cmake_force_configure': False, 'cmake_target': None, 'cmake_target_skip_unavailable': False, 'install_base': '/home/ubuntu/lhj_behavior_stage/install/lidar', 'merge_install': False, 'path': '/home/ubuntu/lhj_behavior_stage/src/lidar', 'symlink_install': True, 'test_result_base': None}
[0.428s] colcon.colcon_core.verb Level 5 set package 'local_pkg1' build argument 'cmake_args' from command line to 'None'
[0.429s] colcon.colcon_core.verb Level 5 set package 'local_pkg1' build argument 'cmake_target' from command line to 'None'
[0.429s] colcon.colcon_core.verb Level 5 set package 'local_pkg1' build argument 'cmake_target_skip_unavailable' from command line to 'False'
[0.429s] colcon.colcon_core.verb Level 5 set package 'local_pkg1' build argument 'cmake_clean_cache' from command line to 'False'
[0.429s] colcon.colcon_core.verb Level 5 set package 'local_pkg1' build argument 'cmake_clean_first' from command line to 'False'
[0.429s] colcon.colcon_core.verb Level 5 set package 'local_pkg1' build argument 'cmake_force_configure' from command line to 'False'
[0.429s] colcon.colcon_core.verb Level 5 set package 'local_pkg1' build argument 'ament_cmake_args' from command line to 'None'
[0.429s] colcon.colcon_core.verb Level 5 set package 'local_pkg1' build argument 'catkin_cmake_args' from command line to 'None'
[0.429s] colcon.colcon_core.verb Level 5 set package 'local_pkg1' build argument 'catkin_skip_building_tests' from command line to 'False'
[0.429s] colcon.colcon_core.verb DEBUG Building package 'local_pkg1' with the following arguments: {'ament_cmake_args': None, 'build_base': '/home/ubuntu/lhj_behavior_stage/build/local_pkg1', 'catkin_cmake_args': None, 'catkin_skip_building_tests': False, 'cmake_args': None, 'cmake_clean_cache': False, 'cmake_clean_first': False, 'cmake_force_configure': False, 'cmake_target': None, 'cmake_target_skip_unavailable': False, 'install_base': '/home/ubuntu/lhj_behavior_stage/install/local_pkg1', 'merge_install': False, 'path': '/home/ubuntu/lhj_behavior_stage/src/local_pkg1', 'symlink_install': True, 'test_result_base': None}
[0.429s] colcon.colcon_core.verb Level 5 set package 'nmea_navsat_driver' build argument 'cmake_args' from command line to 'None'
[0.429s] colcon.colcon_core.verb Level 5 set package 'nmea_navsat_driver' build argument 'cmake_target' from command line to 'None'
[0.429s] colcon.colcon_core.verb Level 5 set package 'nmea_navsat_driver' build argument 'cmake_target_skip_unavailable' from command line to 'False'
[0.429s] colcon.colcon_core.verb Level 5 set package 'nmea_navsat_driver' build argument 'cmake_clean_cache' from command line to 'False'
[0.429s] colcon.colcon_core.verb Level 5 set package 'nmea_navsat_driver' build argument 'cmake_clean_first' from command line to 'False'
[0.429s] colcon.colcon_core.verb Level 5 set package 'nmea_navsat_driver' build argument 'cmake_force_configure' from command line to 'False'
[0.429s] colcon.colcon_core.verb Level 5 set package 'nmea_navsat_driver' build argument 'ament_cmake_args' from command line to 'None'
[0.429s] colcon.colcon_core.verb Level 5 set package 'nmea_navsat_driver' build argument 'catkin_cmake_args' from command line to 'None'
[0.429s] colcon.colcon_core.verb Level 5 set package 'nmea_navsat_driver' build argument 'catkin_skip_building_tests' from command line to 'False'
[0.429s] colcon.colcon_core.verb DEBUG Building package 'nmea_navsat_driver' with the following arguments: {'ament_cmake_args': None, 'build_base': '/home/ubuntu/lhj_behavior_stage/build/nmea_navsat_driver', 'catkin_cmake_args': None, 'catkin_skip_building_tests': False, 'cmake_args': None, 'cmake_clean_cache': False, 'cmake_clean_first': False, 'cmake_force_configure': False, 'cmake_target': None, 'cmake_target_skip_unavailable': False, 'install_base': '/home/ubuntu/lhj_behavior_stage/install/nmea_navsat_driver', 'merge_install': False, 'path': '/home/ubuntu/lhj_behavior_stage/src/nmea_navsat_driver', 'symlink_install': True, 'test_result_base': None}
[0.429s] colcon.colcon_core.verb Level 5 set package 'planning_pkg_2025' build argument 'cmake_args' from command line to 'None'
[0.429s] colcon.colcon_core.verb Level 5 set package 'planning_pkg_2025' build argument 'cmake_target' from command line to 'None'
[0.429s] colcon.colcon_core.verb Level 5 set package 'planning_pkg_2025' build argument 'cmake_target_skip_unavailable' from command line to 'False'
[0.429s] colcon.colcon_core.verb Level 5 set package 'planning_pkg_2025' build argument 'cmake_clean_cache' from command line to 'False'
[0.429s] colcon.colcon_core.verb Level 5 set package 'planning_pkg_2025' build argument 'cmake_clean_first' from command line to 'False'
[0.429s] colcon.colcon_core.verb Level 5 set package 'planning_pkg_2025' build argument 'cmake_force_configure' from command line to 'False'
[0.429s] colcon.colcon_core.verb Level 5 set package 'planning_pkg_2025' build argument 'ament_cmake_args' from command line to 'None'
[0.429s] colcon.colcon_core.verb Level 5 set package 'planning_pkg_2025' build argument 'catkin_cmake_args' from command line to 'None'
[0.429s] colcon.colcon_core.verb Level 5 set package 'planning_pkg_2025' build argument 'catkin_skip_building_tests' from command line to 'False'
[0.429s] colcon.colcon_core.verb DEBUG Building package 'planning_pkg_2025' with the following arguments: {'ament_cmake_args': None, 'build_base': '/home/ubuntu/lhj_behavior_stage/build/planning_pkg_2025', 'catkin_cmake_args': None, 'catkin_skip_building_tests': False, 'cmake_args': None, 'cmake_clean_cache': False, 'cmake_clean_first': False, 'cmake_force_configure': False, 'cmake_target': None, 'cmake_target_skip_unavailable': False, 'install_base': '/home/ubuntu/lhj_behavior_stage/install/planning_pkg_2025', 'merge_install': False, 'path': '/home/ubuntu/lhj_behavior_stage/src/planning', 'symlink_install': True, 'test_result_base': None}
[0.430s] colcon.colcon_core.verb Level 5 set package 'traffic_sign_perception' build argument 'cmake_args' from command line to 'None'
[0.430s] colcon.colcon_core.verb Level 5 set package 'traffic_sign_perception' build argument 'cmake_target' from command line to 'None'
[0.430s] colcon.colcon_core.verb Level 5 set package 'traffic_sign_perception' build argument 'cmake_target_skip_unavailable' from command line to 'False'
[0.430s] colcon.colcon_core.verb Level 5 set package 'traffic_sign_perception' build argument 'cmake_clean_cache' from command line to 'False'
[0.430s] colcon.colcon_core.verb Level 5 set package 'traffic_sign_perception' build argument 'cmake_clean_first' from command line to 'False'
[0.430s] colcon.colcon_core.verb Level 5 set package 'traffic_sign_perception' build argument 'cmake_force_configure' from command line to 'False'
[0.430s] colcon.colcon_core.verb Level 5 set package 'traffic_sign_perception' build argument 'ament_cmake_args' from command line to 'None'
[0.430s] colcon.colcon_core.verb Level 5 set package 'traffic_sign_perception' build argument 'catkin_cmake_args' from command line to 'None'
[0.430s] colcon.colcon_core.verb Level 5 set package 'traffic_sign_perception' build argument 'catkin_skip_building_tests' from command line to 'False'
[0.430s] colcon.colcon_core.verb DEBUG Building package 'traffic_sign_perception' with the following arguments: {'ament_cmake_args': None, 'build_base': '/home/ubuntu/lhj_behavior_stage/build/traffic_sign_perception', 'catkin_cmake_args': None, 'catkin_skip_building_tests': False, 'cmake_args': None, 'cmake_clean_cache': False, 'cmake_clean_first': False, 'cmake_force_configure': False, 'cmake_target': None, 'cmake_target_skip_unavailable': False, 'install_base': '/home/ubuntu/lhj_behavior_stage/install/traffic_sign_perception', 'merge_install': False, 'path': '/home/ubuntu/lhj_behavior_stage/src/traffic_sign_perception', 'symlink_install': True, 'test_result_base': None}
[0.430s] colcon.colcon_core.verb Level 5 set package 'wit_ros2_imu' build argument 'cmake_args' from command line to 'None'
[0.430s] colcon.colcon_core.verb Level 5 set package 'wit_ros2_imu' build argument 'cmake_target' from command line to 'None'
[0.430s] colcon.colcon_core.verb Level 5 set package 'wit_ros2_imu' build argument 'cmake_target_skip_unavailable' from command line to 'False'
[0.430s] colcon.colcon_core.verb Level 5 set package 'wit_ros2_imu' build argument 'cmake_clean_cache' from command line to 'False'
[0.430s] colcon.colcon_core.verb Level 5 set package 'wit_ros2_imu' build argument 'cmake_clean_first' from command line to 'False'
[0.430s] colcon.colcon_core.verb Level 5 set package 'wit_ros2_imu' build argument 'cmake_force_configure' from command line to 'False'
[0.430s] colcon.colcon_core.verb Level 5 set package 'wit_ros2_imu' build argument 'ament_cmake_args' from command line to 'None'
[0.430s] colcon.colcon_core.verb Level 5 set package 'wit_ros2_imu' build argument 'catkin_cmake_args' from command line to 'None'
[0.430s] colcon.colcon_core.verb Level 5 set package 'wit_ros2_imu' build argument 'catkin_skip_building_tests' from command line to 'False'
[0.430s] colcon.colcon_core.verb DEBUG Building package 'wit_ros2_imu' with the following arguments: {'ament_cmake_args': None, 'build_base': '/home/ubuntu/lhj_behavior_stage/build/wit_ros2_imu', 'catkin_cmake_args': None, 'catkin_skip_building_tests': False, 'cmake_args': None, 'cmake_clean_cache': False, 'cmake_clean_first': False, 'cmake_force_configure': False, 'cmake_target': None, 'cmake_target_skip_unavailable': False, 'install_base': '/home/ubuntu/lhj_behavior_stage/install/wit_ros2_imu', 'merge_install': False, 'path': '/home/ubuntu/lhj_behavior_stage/src/wit_ros2_imu', 'symlink_install': True, 'test_result_base': None}
[0.431s] colcon.colcon_core.verb Level 5 set package 'behavior_stack_bringup' build argument 'cmake_args' from command line to 'None'
[0.431s] colcon.colcon_core.verb Level 5 set package 'behavior_stack_bringup' build argument 'cmake_target' from command line to 'None'
[0.431s] colcon.colcon_core.verb Level 5 set package 'behavior_stack_bringup' build argument 'cmake_target_skip_unavailable' from command line to 'False'
[0.431s] colcon.colcon_core.verb Level 5 set package 'behavior_stack_bringup' build argument 'cmake_clean_cache' from command line to 'False'
[0.431s] colcon.colcon_core.verb Level 5 set package 'behavior_stack_bringup' build argument 'cmake_clean_first' from command line to 'False'
[0.431s] colcon.colcon_core.verb Level 5 set package 'behavior_stack_bringup' build argument 'cmake_force_configure' from command line to 'False'
[0.431s] colcon.colcon_core.verb Level 5 set package 'behavior_stack_bringup' build argument 'ament_cmake_args' from command line to 'None'
[0.431s] colcon.colcon_core.verb Level 5 set package 'behavior_stack_bringup' build argument 'catkin_cmake_args' from command line to 'None'
[0.431s] colcon.colcon_core.verb Level 5 set package 'behavior_stack_bringup' build argument 'catkin_skip_building_tests' from command line to 'False'
[0.431s] colcon.colcon_core.verb DEBUG Building package 'behavior_stack_bringup' with the following arguments: {'ament_cmake_args': None, 'build_base': '/home/ubuntu/lhj_behavior_stage/build/behavior_stack_bringup', 'catkin_cmake_args': None, 'catkin_skip_building_tests': False, 'cmake_args': None, 'cmake_clean_cache': False, 'cmake_clean_first': False, 'cmake_force_configure': False, 'cmake_target': None, 'cmake_target_skip_unavailable': False, 'install_base': '/home/ubuntu/lhj_behavior_stage/install/behavior_stack_bringup', 'merge_install': False, 'path': '/home/ubuntu/lhj_behavior_stage/src/behavior_stack_bringup', 'symlink_install': True, 'test_result_base': None}
[0.431s] colcon.colcon_core.executor INFO Executing jobs using 'parallel' executor
[0.432s] colcon.colcon_parallel_executor.executor.parallel DEBUG run_until_complete
[0.432s] colcon.colcon_ros.task.ament_cmake.build INFO Building ROS package in '/home/ubuntu/lhj_behavior_stage/src/control' with build type 'ament_cmake'
[0.432s] colcon.colcon_cmake.task.cmake.build INFO Building CMake package in '/home/ubuntu/lhj_behavior_stage/src/control'
[0.434s] colcon.colcon_core.plugin_system INFO Skipping extension 'colcon_core.shell.bat': Not used on non-Windows systems
[0.434s] colcon.colcon_core.shell INFO Skip shell extension 'powershell' for command environment: Not usable outside of PowerShell
[0.434s] colcon.colcon_core.shell DEBUG Skip shell extension 'dsv' for command environment
[0.438s] colcon.colcon_ros.task.ament_python.build INFO Building ROS package in '/home/ubuntu/lhj_behavior_stage/src/erp42pro_interface' with build type 'ament_python'
[0.438s] colcon.colcon_core.shell Level 1 create_environment_hook('erp42pro_interface', 'ament_prefix_path')
[0.438s] colcon.colcon_core.shell INFO Creating environment hook '/home/ubuntu/lhj_behavior_stage/install/erp42pro_interface/share/erp42pro_interface/hook/ament_prefix_path.ps1'
[0.438s] colcon.colcon_core.shell INFO Creating environment descriptor '/home/ubuntu/lhj_behavior_stage/install/erp42pro_interface/share/erp42pro_interface/hook/ament_prefix_path.dsv'
[0.439s] colcon.colcon_core.shell INFO Creating environment hook '/home/ubuntu/lhj_behavior_stage/install/erp42pro_interface/share/erp42pro_interface/hook/ament_prefix_path.sh'
[0.439s] colcon.colcon_core.shell INFO Skip shell extension 'powershell' for command environment: Not usable outside of PowerShell
[0.439s] colcon.colcon_core.shell DEBUG Skip shell extension 'dsv' for command environment
[0.443s] colcon.colcon_ros.task.ament_cmake.build INFO Building ROS package in '/home/ubuntu/lhj_behavior_stage/src/convertcs' with build type 'ament_cmake'
[0.443s] colcon.colcon_cmake.task.cmake.build INFO Building CMake package in '/home/ubuntu/lhj_behavior_stage/src/convertcs'
[0.443s] colcon.colcon_core.shell INFO Skip shell extension 'powershell' for command environment: Not usable outside of PowerShell
[0.443s] colcon.colcon_core.shell DEBUG Skip shell extension 'dsv' for command environment
[0.447s] colcon.colcon_ros.task.ament_cmake.build INFO Building ROS package in '/home/ubuntu/lhj_behavior_stage/src/lidar' with build type 'ament_cmake'
[0.447s] colcon.colcon_cmake.task.cmake.build INFO Building CMake package in '/home/ubuntu/lhj_behavior_stage/src/lidar'
[0.447s] colcon.colcon_core.shell INFO Skip shell extension 'powershell' for command environment: Not usable outside of PowerShell
[0.447s] colcon.colcon_core.shell DEBUG Skip shell extension 'dsv' for command environment
[0.450s] colcon.colcon_ros.task.ament_python.build INFO Building ROS package in '/home/ubuntu/lhj_behavior_stage/src/local_pkg1' with build type 'ament_python'
[0.450s] colcon.colcon_core.shell Level 1 create_environment_hook('local_pkg1', 'ament_prefix_path')
[0.451s] colcon.colcon_core.shell INFO Creating environment hook '/home/ubuntu/lhj_behavior_stage/install/local_pkg1/share/local_pkg1/hook/ament_prefix_path.ps1'
[0.451s] colcon.colcon_core.shell INFO Creating environment descriptor '/home/ubuntu/lhj_behavior_stage/install/local_pkg1/share/local_pkg1/hook/ament_prefix_path.dsv'
[0.451s] colcon.colcon_core.shell INFO Creating environment hook '/home/ubuntu/lhj_behavior_stage/install/local_pkg1/share/local_pkg1/hook/ament_prefix_path.sh'
[0.452s] colcon.colcon_core.shell INFO Skip shell extension 'powershell' for command environment: Not usable outside of PowerShell
[0.452s] colcon.colcon_core.shell DEBUG Skip shell extension 'dsv' for command environment
[0.455s] colcon.colcon_ros.task.ament_python.build INFO Building ROS package in '/home/ubuntu/lhj_behavior_stage/src/nmea_navsat_driver' with build type 'ament_python'
[0.455s] colcon.colcon_core.shell Level 1 create_environment_hook('nmea_navsat_driver', 'ament_prefix_path')
[0.455s] colcon.colcon_core.shell INFO Creating environment hook '/home/ubuntu/lhj_behavior_stage/install/nmea_navsat_driver/share/nmea_navsat_driver/hook/ament_prefix_path.ps1'
[0.456s] colcon.colcon_core.shell INFO Creating environment descriptor '/home/ubuntu/lhj_behavior_stage/install/nmea_navsat_driver/share/nmea_navsat_driver/hook/ament_prefix_path.dsv'
[0.456s] colcon.colcon_core.shell INFO Creating environment hook '/home/ubuntu/lhj_behavior_stage/install/nmea_navsat_driver/share/nmea_navsat_driver/hook/ament_prefix_path.sh'
[0.456s] colcon.colcon_core.shell INFO Skip shell extension 'powershell' for command environment: Not usable outside of PowerShell
[0.456s] colcon.colcon_core.shell DEBUG Skip shell extension 'dsv' for command environment
[0.460s] colcon.colcon_ros.task.ament_cmake.build INFO Building ROS package in '/home/ubuntu/lhj_behavior_stage/src/planning' with build type 'ament_cmake'
[0.460s] colcon.colcon_cmake.task.cmake.build INFO Building CMake package in '/home/ubuntu/lhj_behavior_stage/src/planning'
[0.461s] colcon.colcon_core.shell INFO Skip shell extension 'powershell' for command environment: Not usable outside of PowerShell
[0.461s] colcon.colcon_core.shell DEBUG Skip shell extension 'dsv' for command environment
[0.466s] colcon.colcon_ros.task.ament_python.build INFO Building ROS package in '/home/ubuntu/lhj_behavior_stage/src/traffic_sign_perception' with build type 'ament_python'
[0.466s] colcon.colcon_core.shell Level 1 create_environment_hook('traffic_sign_perception', 'ament_prefix_path')
[0.467s] colcon.colcon_core.shell INFO Creating environment hook '/home/ubuntu/lhj_behavior_stage/install/traffic_sign_perception/share/traffic_sign_perception/hook/ament_prefix_path.ps1'
[0.467s] colcon.colcon_core.shell INFO Creating environment descriptor '/home/ubuntu/lhj_behavior_stage/install/traffic_sign_perception/share/traffic_sign_perception/hook/ament_prefix_path.dsv'
[0.468s] colcon.colcon_core.shell INFO Creating environment hook '/home/ubuntu/lhj_behavior_stage/install/traffic_sign_perception/share/traffic_sign_perception/hook/ament_prefix_path.sh'
[0.468s] colcon.colcon_core.shell INFO Skip shell extension 'powershell' for command environment: Not usable outside of PowerShell
[0.468s] colcon.colcon_core.shell DEBUG Skip shell extension 'dsv' for command environment
[0.473s] colcon.colcon_ros.task.ament_python.build INFO Building ROS package in '/home/ubuntu/lhj_behavior_stage/src/wit_ros2_imu' with build type 'ament_python'
[0.473s] colcon.colcon_core.shell Level 1 create_environment_hook('wit_ros2_imu', 'ament_prefix_path')
[0.474s] colcon.colcon_core.shell INFO Creating environment hook '/home/ubuntu/lhj_behavior_stage/install/wit_ros2_imu/share/wit_ros2_imu/hook/ament_prefix_path.ps1'
[0.474s] colcon.colcon_core.shell INFO Creating environment descriptor '/home/ubuntu/lhj_behavior_stage/install/wit_ros2_imu/share/wit_ros2_imu/hook/ament_prefix_path.dsv'
[0.475s] colcon.colcon_core.shell INFO Creating environment hook '/home/ubuntu/lhj_behavior_stage/install/wit_ros2_imu/share/wit_ros2_imu/hook/ament_prefix_path.sh'
[0.475s] colcon.colcon_core.shell INFO Skip shell extension 'powershell' for command environment: Not usable outside of PowerShell
[0.475s] colcon.colcon_core.shell DEBUG Skip shell extension 'dsv' for command environment
[0.480s] colcon.colcon_ros.task.ament_python.build INFO Building ROS package in '/home/ubuntu/lhj_behavior_stage/src/erp_ros2_bridge' with build type 'ament_python'
[0.480s] colcon.colcon_core.shell Level 1 create_environment_hook('erp_ros2_bridge', 'ament_prefix_path')
[0.481s] colcon.colcon_core.shell INFO Creating environment hook '/home/ubuntu/lhj_behavior_stage/install/erp_ros2_bridge/share/erp_ros2_bridge/hook/ament_prefix_path.ps1'
[0.481s] colcon.colcon_core.shell INFO Creating environment descriptor '/home/ubuntu/lhj_behavior_stage/install/erp_ros2_bridge/share/erp_ros2_bridge/hook/ament_prefix_path.dsv'
[0.481s] colcon.colcon_core.shell INFO Creating environment hook '/home/ubuntu/lhj_behavior_stage/install/erp_ros2_bridge/share/erp_ros2_bridge/hook/ament_prefix_path.sh'
[0.482s] colcon.colcon_core.shell INFO Skip shell extension 'powershell' for command environment: Not usable outside of PowerShell
[0.482s] colcon.colcon_core.shell DEBUG Skip shell extension 'dsv' for command environment
[0.491s] colcon.colcon_core.event_handler.log_command DEBUG Invoking command in '/home/ubuntu/lhj_behavior_stage/build/control': CMAKE_PREFIX_PATH=${CMAKE_PREFIX_PATH}:/home/ubuntu/robot_ws/install/vla_data_collector:/home/ubuntu/robot_ws/install/openvla_doosan_runtime_async:/home/ubuntu/robot_ws/install/openvla_doosan_runtime:/home/ubuntu/robot_ws/install/dsr_visualservoing:/home/ubuntu/robot_ws/install/dsr_tests:/home/ubuntu/robot_ws/install/dsr_bringup2:/home/ubuntu/robot_ws/install/dsr_example:/opt/ros/humble CONDA_PROMPT_MODIFIER=(base) /usr/bin/cmake --build /home/ubuntu/lhj_behavior_stage/build/control -- -j20 -l20
[0.796s] colcon.colcon_core.task.python.build INFO Building Python package in '/home/ubuntu/lhj_behavior_stage/src/erp42pro_interface'
[0.796s] colcon.colcon_core.shell INFO Skip shell extension 'powershell' for command environment: Not usable outside of PowerShell
[0.796s] colcon.colcon_core.shell DEBUG Skip shell extension 'dsv' for command environment
[0.804s] colcon.colcon_core.event_handler.log_command DEBUG Invoking command in '/home/ubuntu/lhj_behavior_stage/build/kroad_planning_utm_pkg': CMAKE_PREFIX_PATH=${CMAKE_PREFIX_PATH}:/home/ubuntu/robot_ws/install/vla_data_collector:/home/ubuntu/robot_ws/install/openvla_doosan_runtime_async:/home/ubuntu/robot_ws/install/openvla_doosan_runtime:/home/ubuntu/robot_ws/install/dsr_visualservoing:/home/ubuntu/robot_ws/install/dsr_tests:/home/ubuntu/robot_ws/install/dsr_bringup2:/home/ubuntu/robot_ws/install/dsr_example:/opt/ros/humble CONDA_PROMPT_MODIFIER=(base) /usr/bin/cmake --build /home/ubuntu/lhj_behavior_stage/build/kroad_planning_utm_pkg -- -j20 -l20
[0.806s] colcon.colcon_core.event_handler.log_command DEBUG Invoking command in '/home/ubuntu/lhj_behavior_stage/build/lidar': CMAKE_PREFIX_PATH=${CMAKE_PREFIX_PATH}:/home/ubuntu/robot_ws/install/vla_data_collector:/home/ubuntu/robot_ws/install/openvla_doosan_runtime_async:/home/ubuntu/robot_ws/install/openvla_doosan_runtime:/home/ubuntu/robot_ws/install/dsr_visualservoing:/home/ubuntu/robot_ws/install/dsr_tests:/home/ubuntu/robot_ws/install/dsr_bringup2:/home/ubuntu/robot_ws/install/dsr_example:/opt/ros/humble CONDA_PROMPT_MODIFIER=(base) /usr/bin/cmake --build /home/ubuntu/lhj_behavior_stage/build/lidar -- -j20 -l20
[1.118s] colcon.colcon_core.task.python.build INFO Building Python package in '/home/ubuntu/lhj_behavior_stage/src/local_pkg1'
[1.119s] colcon.colcon_core.shell INFO Skip shell extension 'powershell' for command environment: Not usable outside of PowerShell
[1.119s] colcon.colcon_core.shell DEBUG Skip shell extension 'dsv' for command environment
[1.439s] colcon.colcon_core.task.python.build INFO Building Python package in '/home/ubuntu/lhj_behavior_stage/src/nmea_navsat_driver'
[1.440s] colcon.colcon_core.shell INFO Skip shell extension 'powershell' for command environment: Not usable outside of PowerShell
[1.440s] colcon.colcon_core.shell DEBUG Skip shell extension 'dsv' for command environment
[1.447s] colcon.colcon_core.event_handler.log_command DEBUG Invoking command in '/home/ubuntu/lhj_behavior_stage/build/planning_pkg_2025': CMAKE_PREFIX_PATH=${CMAKE_PREFIX_PATH}:/home/ubuntu/robot_ws/install/vla_data_collector:/home/ubuntu/robot_ws/install/openvla_doosan_runtime_async:/home/ubuntu/robot_ws/install/openvla_doosan_runtime:/home/ubuntu/robot_ws/install/dsr_visualservoing:/home/ubuntu/robot_ws/install/dsr_tests:/home/ubuntu/robot_ws/install/dsr_bringup2:/home/ubuntu/robot_ws/install/dsr_example:/opt/ros/humble CONDA_PROMPT_MODIFIER=(base) /usr/bin/cmake --build /home/ubuntu/lhj_behavior_stage/build/planning_pkg_2025 -- -j20 -l20
[1.753s] colcon.colcon_core.task.python.build INFO Building Python package in '/home/ubuntu/lhj_behavior_stage/src/traffic_sign_perception'
[1.753s] colcon.colcon_core.shell INFO Skip shell extension 'powershell' for command environment: Not usable outside of PowerShell
[1.753s] colcon.colcon_core.shell DEBUG Skip shell extension 'dsv' for command environment
[2.078s] colcon.colcon_core.task.python.build INFO Building Python package in '/home/ubuntu/lhj_behavior_stage/src/wit_ros2_imu'
[2.079s] colcon.colcon_core.shell INFO Skip shell extension 'powershell' for command environment: Not usable outside of PowerShell
[2.079s] colcon.colcon_core.shell DEBUG Skip shell extension 'dsv' for command environment
[2.389s] colcon.colcon_core.task.python.build INFO Building Python package in '/home/ubuntu/lhj_behavior_stage/src/erp_ros2_bridge'
[2.390s] colcon.colcon_core.shell INFO Skip shell extension 'powershell' for command environment: Not usable outside of PowerShell
[2.390s] colcon.colcon_core.shell DEBUG Skip shell extension 'dsv' for command environment
[2.399s] colcon.colcon_core.event_handler.log_command DEBUG Invoked command in '/home/ubuntu/lhj_behavior_stage/build/control' returned '0': CMAKE_PREFIX_PATH=${CMAKE_PREFIX_PATH}:/home/ubuntu/robot_ws/install/vla_data_collector:/home/ubuntu/robot_ws/install/openvla_doosan_runtime_async:/home/ubuntu/robot_ws/install/openvla_doosan_runtime:/home/ubuntu/robot_ws/install/dsr_visualservoing:/home/ubuntu/robot_ws/install/dsr_tests:/home/ubuntu/robot_ws/install/dsr_bringup2:/home/ubuntu/robot_ws/install/dsr_example:/opt/ros/humble CONDA_PROMPT_MODIFIER=(base) /usr/bin/cmake --build /home/ubuntu/lhj_behavior_stage/build/control -- -j20 -l20
[2.408s] colcon.colcon_core.event_handler.log_command DEBUG Invoking command in '/home/ubuntu/lhj_behavior_stage/build/control': CMAKE_PREFIX_PATH=${CMAKE_PREFIX_PATH}:/home/ubuntu/robot_ws/install/vla_data_collector:/home/ubuntu/robot_ws/install/openvla_doosan_runtime_async:/home/ubuntu/robot_ws/install/openvla_doosan_runtime:/home/ubuntu/robot_ws/install/dsr_visualservoing:/home/ubuntu/robot_ws/install/dsr_tests:/home/ubuntu/robot_ws/install/dsr_bringup2:/home/ubuntu/robot_ws/install/dsr_example:/opt/ros/humble CONDA_PROMPT_MODIFIER=(base) /usr/bin/cmake --install /home/ubuntu/lhj_behavior_stage/build/control
[2.409s] colcon.colcon_core.event_handler.log_command DEBUG Invoked command in '/home/ubuntu/lhj_behavior_stage/build/kroad_planning_utm_pkg' returned '0': CMAKE_PREFIX_PATH=${CMAKE_PREFIX_PATH}:/home/ubuntu/robot_ws/install/vla_data_collector:/home/ubuntu/robot_ws/install/openvla_doosan_runtime_async:/home/ubuntu/robot_ws/install/openvla_doosan_runtime:/home/ubuntu/robot_ws/install/dsr_visualservoing:/home/ubuntu/robot_ws/install/dsr_tests:/home/ubuntu/robot_ws/install/dsr_bringup2:/home/ubuntu/robot_ws/install/dsr_example:/opt/ros/humble CONDA_PROMPT_MODIFIER=(base) /usr/bin/cmake --build /home/ubuntu/lhj_behavior_stage/build/kroad_planning_utm_pkg -- -j20 -l20
[2.410s] colcon.colcon_core.event_handler.log_command DEBUG Invoking command in '/home/ubuntu/lhj_behavior_stage/build/kroad_planning_utm_pkg': CMAKE_PREFIX_PATH=${CMAKE_PREFIX_PATH}:/home/ubuntu/robot_ws/install/vla_data_collector:/home/ubuntu/robot_ws/install/openvla_doosan_runtime_async:/home/ubuntu/robot_ws/install/openvla_doosan_runtime:/home/ubuntu/robot_ws/install/dsr_visualservoing:/home/ubuntu/robot_ws/install/dsr_tests:/home/ubuntu/robot_ws/install/dsr_bringup2:/home/ubuntu/robot_ws/install/dsr_example:/opt/ros/humble CONDA_PROMPT_MODIFIER=(base) /usr/bin/cmake --install /home/ubuntu/lhj_behavior_stage/build/kroad_planning_utm_pkg
[2.411s] colcon.colcon_core.event_handler.log_command DEBUG Invoked command in '/home/ubuntu/lhj_behavior_stage/build/lidar' returned '0': CMAKE_PREFIX_PATH=${CMAKE_PREFIX_PATH}:/home/ubuntu/robot_ws/install/vla_data_collector:/home/ubuntu/robot_ws/install/openvla_doosan_runtime_async:/home/ubuntu/robot_ws/install/openvla_doosan_runtime:/home/ubuntu/robot_ws/install/dsr_visualservoing:/home/ubuntu/robot_ws/install/dsr_tests:/home/ubuntu/robot_ws/install/dsr_bringup2:/home/ubuntu/robot_ws/install/dsr_example:/opt/ros/humble CONDA_PROMPT_MODIFIER=(base) /usr/bin/cmake --build /home/ubuntu/lhj_behavior_stage/build/lidar -- -j20 -l20
[2.412s] colcon.colcon_core.event_handler.log_command DEBUG Invoking command in '/home/ubuntu/lhj_behavior_stage/build/lidar': CMAKE_PREFIX_PATH=${CMAKE_PREFIX_PATH}:/home/ubuntu/robot_ws/install/vla_data_collector:/home/ubuntu/robot_ws/install/openvla_doosan_runtime_async:/home/ubuntu/robot_ws/install/openvla_doosan_runtime:/home/ubuntu/robot_ws/install/dsr_visualservoing:/home/ubuntu/robot_ws/install/dsr_tests:/home/ubuntu/robot_ws/install/dsr_bringup2:/home/ubuntu/robot_ws/install/dsr_example:/opt/ros/humble CONDA_PROMPT_MODIFIER=(base) /usr/bin/cmake --install /home/ubuntu/lhj_behavior_stage/build/lidar
[2.413s] colcon.colcon_core.event_handler.log_command DEBUG Invoked command in '/home/ubuntu/lhj_behavior_stage/build/planning_pkg_2025' returned '0': CMAKE_PREFIX_PATH=${CMAKE_PREFIX_PATH}:/home/ubuntu/robot_ws/install/vla_data_collector:/home/ubuntu/robot_ws/install/openvla_doosan_runtime_async:/home/ubuntu/robot_ws/install/openvla_doosan_runtime:/home/ubuntu/robot_ws/install/dsr_visualservoing:/home/ubuntu/robot_ws/install/dsr_tests:/home/ubuntu/robot_ws/install/dsr_bringup2:/home/ubuntu/robot_ws/install/dsr_example:/opt/ros/humble CONDA_PROMPT_MODIFIER=(base) /usr/bin/cmake --build /home/ubuntu/lhj_behavior_stage/build/planning_pkg_2025 -- -j20 -l20
[2.413s] colcon.colcon_core.event_handler.log_command DEBUG Invoking command in '/home/ubuntu/lhj_behavior_stage/build/planning_pkg_2025': CMAKE_PREFIX_PATH=${CMAKE_PREFIX_PATH}:/home/ubuntu/robot_ws/install/vla_data_collector:/home/ubuntu/robot_ws/install/openvla_doosan_runtime_async:/home/ubuntu/robot_ws/install/openvla_doosan_runtime:/home/ubuntu/robot_ws/install/dsr_visualservoing:/home/ubuntu/robot_ws/install/dsr_tests:/home/ubuntu/robot_ws/install/dsr_bringup2:/home/ubuntu/robot_ws/install/dsr_example:/opt/ros/humble CONDA_PROMPT_MODIFIER=(base) /usr/bin/cmake --install /home/ubuntu/lhj_behavior_stage/build/planning_pkg_2025
[2.434s] colcon.colcon_core.environment Level 1 create_environment_scripts_only(kroad_planning_utm_pkg)
[2.437s] colcon.colcon_core.event_handler.log_command DEBUG Invoked command in '/home/ubuntu/lhj_behavior_stage/build/kroad_planning_utm_pkg' returned '0': CMAKE_PREFIX_PATH=${CMAKE_PREFIX_PATH}:/home/ubuntu/robot_ws/install/vla_data_collector:/home/ubuntu/robot_ws/install/openvla_doosan_runtime_async:/home/ubuntu/robot_ws/install/openvla_doosan_runtime:/home/ubuntu/robot_ws/install/dsr_visualservoing:/home/ubuntu/robot_ws/install/dsr_tests:/home/ubuntu/robot_ws/install/dsr_bringup2:/home/ubuntu/robot_ws/install/dsr_example:/opt/ros/humble CONDA_PROMPT_MODIFIER=(base) /usr/bin/cmake --install /home/ubuntu/lhj_behavior_stage/build/kroad_planning_utm_pkg
[2.441s] colcon.colcon_core.environment Level 1 checking '/home/ubuntu/lhj_behavior_stage/install/kroad_planning_utm_pkg' for CMake module files
[2.442s] colcon.colcon_core.environment Level 1 checking '/home/ubuntu/lhj_behavior_stage/install/kroad_planning_utm_pkg' for CMake config files
[2.442s] colcon.colcon_core.shell Level 1 create_environment_hook('kroad_planning_utm_pkg', 'cmake_prefix_path')
[2.443s] colcon.colcon_core.shell INFO Creating environment hook '/home/ubuntu/lhj_behavior_stage/install/kroad_planning_utm_pkg/share/kroad_planning_utm_pkg/hook/cmake_prefix_path.ps1'
[2.443s] colcon.colcon_core.shell INFO Creating environment descriptor '/home/ubuntu/lhj_behavior_stage/install/kroad_planning_utm_pkg/share/kroad_planning_utm_pkg/hook/cmake_prefix_path.dsv'
[2.444s] colcon.colcon_core.shell INFO Creating environment hook '/home/ubuntu/lhj_behavior_stage/install/kroad_planning_utm_pkg/share/kroad_planning_utm_pkg/hook/cmake_prefix_path.sh'
[2.445s] colcon.colcon_core.environment Level 1 checking '/home/ubuntu/lhj_behavior_stage/install/kroad_planning_utm_pkg/lib'
[2.445s] colcon.colcon_core.environment Level 1 checking '/home/ubuntu/lhj_behavior_stage/install/kroad_planning_utm_pkg/bin'
[2.445s] colcon.colcon_core.environment Level 1 checking '/home/ubuntu/lhj_behavior_stage/install/kroad_planning_utm_pkg/lib/pkgconfig/kroad_planning_utm_pkg.pc'
[2.446s] colcon.colcon_core.environment Level 1 checking '/home/ubuntu/lhj_behavior_stage/install/kroad_planning_utm_pkg/lib/python3.10/site-packages'
[2.446s] colcon.colcon_core.environment Level 1 checking '/home/ubuntu/lhj_behavior_stage/install/kroad_planning_utm_pkg/bin'
[2.447s] colcon.colcon_core.shell INFO Creating package script '/home/ubuntu/lhj_behavior_stage/install/kroad_planning_utm_pkg/share/kroad_planning_utm_pkg/package.ps1'
[2.449s] colcon.colcon_core.shell INFO Creating package descriptor '/home/ubuntu/lhj_behavior_stage/install/kroad_planning_utm_pkg/share/kroad_planning_utm_pkg/package.dsv'
[2.449s] colcon.colcon_core.shell INFO Creating package script '/home/ubuntu/lhj_behavior_stage/install/kroad_planning_utm_pkg/share/kroad_planning_utm_pkg/package.sh'
[2.450s] colcon.colcon_core.shell INFO Creating package script '/home/ubuntu/lhj_behavior_stage/install/kroad_planning_utm_pkg/share/kroad_planning_utm_pkg/package.bash'
[2.452s] colcon.colcon_core.shell INFO Creating package script '/home/ubuntu/lhj_behavior_stage/install/kroad_planning_utm_pkg/share/kroad_planning_utm_pkg/package.zsh'
[2.453s] colcon.colcon_core.environment Level 1 create_file_with_runtime_dependencies(/home/ubuntu/lhj_behavior_stage/install/kroad_planning_utm_pkg/share/colcon-core/packages/kroad_planning_utm_pkg)
[2.453s] colcon.colcon_core.environment Level 1 create_environment_scripts_only(kroad_planning_utm_pkg)
[2.454s] colcon.colcon_core.environment Level 1 checking '/home/ubuntu/lhj_behavior_stage/install/kroad_planning_utm_pkg' for CMake module files
[2.455s] colcon.colcon_core.environment Level 1 checking '/home/ubuntu/lhj_behavior_stage/install/kroad_planning_utm_pkg' for CMake config files
[2.455s] colcon.colcon_core.shell Level 1 create_environment_hook('kroad_planning_utm_pkg', 'cmake_prefix_path')
[2.456s] colcon.colcon_core.shell INFO Creating environment hook '/home/ubuntu/lhj_behavior_stage/install/kroad_planning_utm_pkg/share/kroad_planning_utm_pkg/hook/cmake_prefix_path.ps1'
[2.456s] colcon.colcon_core.shell INFO Creating environment descriptor '/home/ubuntu/lhj_behavior_stage/install/kroad_planning_utm_pkg/share/kroad_planning_utm_pkg/hook/cmake_prefix_path.dsv'
[2.457s] colcon.colcon_core.shell INFO Creating environment hook '/home/ubuntu/lhj_behavior_stage/install/kroad_planning_utm_pkg/share/kroad_planning_utm_pkg/hook/cmake_prefix_path.sh'
[2.458s] colcon.colcon_core.environment Level 1 checking '/home/ubuntu/lhj_behavior_stage/install/kroad_planning_utm_pkg/lib'
[2.458s] colcon.colcon_core.environment Level 1 checking '/home/ubuntu/lhj_behavior_stage/install/kroad_planning_utm_pkg/bin'
[2.458s] colcon.colcon_core.environment Level 1 checking '/home/ubuntu/lhj_behavior_stage/install/kroad_planning_utm_pkg/lib/pkgconfig/kroad_planning_utm_pkg.pc'
[2.458s] colcon.colcon_core.environment Level 1 checking '/home/ubuntu/lhj_behavior_stage/install/kroad_planning_utm_pkg/lib/python3.10/site-packages'
[2.459s] colcon.colcon_core.environment Level 1 checking '/home/ubuntu/lhj_behavior_stage/install/kroad_planning_utm_pkg/bin'
[2.459s] colcon.colcon_core.shell INFO Creating package script '/home/ubuntu/lhj_behavior_stage/install/kroad_planning_utm_pkg/share/kroad_planning_utm_pkg/package.ps1'
[2.460s] colcon.colcon_core.shell INFO Creating package descriptor '/home/ubuntu/lhj_behavior_stage/install/kroad_planning_utm_pkg/share/kroad_planning_utm_pkg/package.dsv'
[2.461s] colcon.colcon_core.shell INFO Creating package script '/home/ubuntu/lhj_behavior_stage/install/kroad_planning_utm_pkg/share/kroad_planning_utm_pkg/package.sh'
[2.462s] colcon.colcon_core.shell INFO Creating package script '/home/ubuntu/lhj_behavior_stage/install/kroad_planning_utm_pkg/share/kroad_planning_utm_pkg/package.bash'
[2.463s] colcon.colcon_core.shell INFO Creating package script '/home/ubuntu/lhj_behavior_stage/install/kroad_planning_utm_pkg/share/kroad_planning_utm_pkg/package.zsh'
[2.464s] colcon.colcon_core.environment Level 1 create_file_with_runtime_dependencies(/home/ubuntu/lhj_behavior_stage/install/kroad_planning_utm_pkg/share/colcon-core/packages/kroad_planning_utm_pkg)
[2.464s] colcon.colcon_core.environment Level 1 create_environment_scripts_only(control)
[2.465s] colcon.colcon_core.environment Level 1 checking '/home/ubuntu/lhj_behavior_stage/install/control' for CMake module files
[2.466s] colcon.colcon_core.event_handler.log_command DEBUG Invoked command in '/home/ubuntu/lhj_behavior_stage/build/control' returned '0': CMAKE_PREFIX_PATH=${CMAKE_PREFIX_PATH}:/home/ubuntu/robot_ws/install/vla_data_collector:/home/ubuntu/robot_ws/install/openvla_doosan_runtime_async:/home/ubuntu/robot_ws/install/openvla_doosan_runtime:/home/ubuntu/robot_ws/install/dsr_visualservoing:/home/ubuntu/robot_ws/install/dsr_tests:/home/ubuntu/robot_ws/install/dsr_bringup2:/home/ubuntu/robot_ws/install/dsr_example:/opt/ros/humble CONDA_PROMPT_MODIFIER=(base) /usr/bin/cmake --install /home/ubuntu/lhj_behavior_stage/build/control
[2.466s] colcon.colcon_core.environment Level 1 checking '/home/ubuntu/lhj_behavior_stage/install/control' for CMake config files
[2.467s] colcon.colcon_core.shell Level 1 create_environment_hook('control', 'cmake_prefix_path')
[2.467s] colcon.colcon_core.shell INFO Creating environment hook '/home/ubuntu/lhj_behavior_stage/install/control/share/control/hook/cmake_prefix_path.ps1'
[2.468s] colcon.colcon_core.shell INFO Creating environment descriptor '/home/ubuntu/lhj_behavior_stage/install/control/share/control/hook/cmake_prefix_path.dsv'
[2.469s] colcon.colcon_core.shell INFO Creating environment hook '/home/ubuntu/lhj_behavior_stage/install/control/share/control/hook/cmake_prefix_path.sh'
[2.470s] colcon.colcon_core.environment Level 1 checking '/home/ubuntu/lhj_behavior_stage/install/control/lib'
[2.470s] colcon.colcon_core.environment Level 1 checking '/home/ubuntu/lhj_behavior_stage/install/control/bin'
[2.470s] colcon.colcon_core.environment Level 1 checking '/home/ubuntu/lhj_behavior_stage/install/control/lib/pkgconfig/control.pc'
[2.471s] colcon.colcon_core.environment Level 1 checking '/home/ubuntu/lhj_behavior_stage/install/control/lib/python3.10/site-packages'
[2.471s] colcon.colcon_core.environment Level 1 checking '/home/ubuntu/lhj_behavior_stage/install/control/bin'
[2.472s] colcon.colcon_core.shell INFO Creating package script '/home/ubuntu/lhj_behavior_stage/install/control/share/control/package.ps1'
[2.473s] colcon.colcon_core.shell INFO Creating package descriptor '/home/ubuntu/lhj_behavior_stage/install/control/share/control/package.dsv'
[2.473s] colcon.colcon_core.shell INFO Creating package script '/home/ubuntu/lhj_behavior_stage/install/control/share/control/package.sh'
[2.474s] colcon.colcon_core.shell INFO Creating package script '/home/ubuntu/lhj_behavior_stage/install/control/share/control/package.bash'
[2.474s] colcon.colcon_core.shell INFO Creating package script '/home/ubuntu/lhj_behavior_stage/install/control/share/control/package.zsh'
[2.475s] colcon.colcon_core.environment Level 1 create_file_with_runtime_dependencies(/home/ubuntu/lhj_behavior_stage/install/control/share/colcon-core/packages/control)
[2.476s] colcon.colcon_core.environment Level 1 create_environment_scripts_only(control)
[2.476s] colcon.colcon_core.environment Level 1 checking '/home/ubuntu/lhj_behavior_stage/install/control' for CMake module files
[2.477s] colcon.colcon_core.environment Level 1 checking '/home/ubuntu/lhj_behavior_stage/install/control' for CMake config files
[2.477s] colcon.colcon_core.shell Level 1 create_environment_hook('control', 'cmake_prefix_path')
[2.478s] colcon.colcon_core.shell INFO Creating environment hook '/home/ubuntu/lhj_behavior_stage/install/control/share/control/hook/cmake_prefix_path.ps1'
[2.478s] colcon.colcon_core.shell INFO Creating environment descriptor '/home/ubuntu/lhj_behavior_stage/install/control/share/control/hook/cmake_prefix_path.dsv'
[2.479s] colcon.colcon_core.shell INFO Creating environment hook '/home/ubuntu/lhj_behavior_stage/install/control/share/control/hook/cmake_prefix_path.sh'
[2.479s] colcon.colcon_core.environment Level 1 checking '/home/ubuntu/lhj_behavior_stage/install/control/lib'
[2.480s] colcon.colcon_core.environment Level 1 checking '/home/ubuntu/lhj_behavior_stage/install/control/bin'
[2.480s] colcon.colcon_core.environment Level 1 checking '/home/ubuntu/lhj_behavior_stage/install/control/lib/pkgconfig/control.pc'
[2.480s] colcon.colcon_core.environment Level 1 checking '/home/ubuntu/lhj_behavior_stage/install/control/lib/python3.10/site-packages'
[2.481s] colcon.colcon_core.environment Level 1 checking '/home/ubuntu/lhj_behavior_stage/install/control/bin'
[2.481s] colcon.colcon_core.shell INFO Creating package script '/home/ubuntu/lhj_behavior_stage/install/control/share/control/package.ps1'
[2.482s] colcon.colcon_core.shell INFO Creating package descriptor '/home/ubuntu/lhj_behavior_stage/install/control/share/control/package.dsv'
[2.483s] colcon.colcon_core.shell INFO Creating package script '/home/ubuntu/lhj_behavior_stage/install/control/share/control/package.sh'
[2.483s] colcon.colcon_core.shell INFO Creating package script '/home/ubuntu/lhj_behavior_stage/install/control/share/control/package.bash'
[2.484s] colcon.colcon_core.shell INFO Creating package script '/home/ubuntu/lhj_behavior_stage/install/control/share/control/package.zsh'
[2.485s] colcon.colcon_core.environment Level 1 create_file_with_runtime_dependencies(/home/ubuntu/lhj_behavior_stage/install/control/share/colcon-core/packages/control)
[2.486s] colcon.colcon_core.environment Level 1 create_environment_scripts_only(lidar)
[2.487s] colcon.colcon_core.environment Level 1 checking '/home/ubuntu/lhj_behavior_stage/install/lidar' for CMake module files
[2.488s] colcon.colcon_core.event_handler.log_command DEBUG Invoked command in '/home/ubuntu/lhj_behavior_stage/build/lidar' returned '0': CMAKE_PREFIX_PATH=${CMAKE_PREFIX_PATH}:/home/ubuntu/robot_ws/install/vla_data_collector:/home/ubuntu/robot_ws/install/openvla_doosan_runtime_async:/home/ubuntu/robot_ws/install/openvla_doosan_runtime:/home/ubuntu/robot_ws/install/dsr_visualservoing:/home/ubuntu/robot_ws/install/dsr_tests:/home/ubuntu/robot_ws/install/dsr_bringup2:/home/ubuntu/robot_ws/install/dsr_example:/opt/ros/humble CONDA_PROMPT_MODIFIER=(base) /usr/bin/cmake --install /home/ubuntu/lhj_behavior_stage/build/lidar
[2.489s] colcon.colcon_core.environment Level 1 checking '/home/ubuntu/lhj_behavior_stage/install/lidar' for CMake config files
[2.489s] colcon.colcon_core.shell Level 1 create_environment_hook('lidar', 'cmake_prefix_path')
[2.490s] colcon.colcon_core.shell INFO Creating environment hook '/home/ubuntu/lhj_behavior_stage/install/lidar/share/lidar/hook/cmake_prefix_path.ps1'
[2.491s] colcon.colcon_core.shell INFO Creating environment descriptor '/home/ubuntu/lhj_behavior_stage/install/lidar/share/lidar/hook/cmake_prefix_path.dsv'
[2.491s] colcon.colcon_core.shell INFO Creating environment hook '/home/ubuntu/lhj_behavior_stage/install/lidar/share/lidar/hook/cmake_prefix_path.sh'
[2.492s] colcon.colcon_core.environment Level 1 checking '/home/ubuntu/lhj_behavior_stage/install/lidar/lib'
[2.492s] colcon.colcon_core.environment Level 1 checking '/home/ubuntu/lhj_behavior_stage/install/lidar/bin'
[2.492s] colcon.colcon_core.environment Level 1 checking '/home/ubuntu/lhj_behavior_stage/install/lidar/lib/pkgconfig/lidar.pc'
[2.493s] colcon.colcon_core.environment Level 1 checking '/home/ubuntu/lhj_behavior_stage/install/lidar/lib/python3.10/site-packages'
[2.493s] colcon.colcon_core.environment Level 1 checking '/home/ubuntu/lhj_behavior_stage/install/lidar/bin'
[2.494s] colcon.colcon_core.shell INFO Creating package script '/home/ubuntu/lhj_behavior_stage/install/lidar/share/lidar/package.ps1'
[2.496s] colcon.colcon_core.shell INFO Creating package descriptor '/home/ubuntu/lhj_behavior_stage/install/lidar/share/lidar/package.dsv'
[2.496s] colcon.colcon_core.shell INFO Creating package script '/home/ubuntu/lhj_behavior_stage/install/lidar/share/lidar/package.sh'
[2.497s] colcon.colcon_core.shell INFO Creating package script '/home/ubuntu/lhj_behavior_stage/install/lidar/share/lidar/package.bash'
[2.498s] colcon.colcon_core.shell INFO Creating package script '/home/ubuntu/lhj_behavior_stage/install/lidar/share/lidar/package.zsh'
[2.498s] colcon.colcon_core.environment Level 1 create_file_with_runtime_dependencies(/home/ubuntu/lhj_behavior_stage/install/lidar/share/colcon-core/packages/lidar)
[2.499s] colcon.colcon_core.environment Level 1 create_environment_scripts_only(lidar)
[2.500s] colcon.colcon_core.environment Level 1 checking '/home/ubuntu/lhj_behavior_stage/install/lidar' for CMake module files
[2.501s] colcon.colcon_core.environment Level 1 checking '/home/ubuntu/lhj_behavior_stage/install/lidar' for CMake config files
[2.501s] colcon.colcon_core.shell Level 1 create_environment_hook('lidar', 'cmake_prefix_path')
[2.502s] colcon.colcon_core.shell INFO Creating environment hook '/home/ubuntu/lhj_behavior_stage/install/lidar/share/lidar/hook/cmake_prefix_path.ps1'
[2.503s] colcon.colcon_core.shell INFO Creating environment descriptor '/home/ubuntu/lhj_behavior_stage/install/lidar/share/lidar/hook/cmake_prefix_path.dsv'
[2.503s] colcon.colcon_core.shell INFO Creating environment hook '/home/ubuntu/lhj_behavior_stage/install/lidar/share/lidar/hook/cmake_prefix_path.sh'
[2.504s] colcon.colcon_core.environment Level 1 checking '/home/ubuntu/lhj_behavior_stage/install/lidar/lib'
[2.504s] colcon.colcon_core.environment Level 1 checking '/home/ubuntu/lhj_behavior_stage/install/lidar/bin'
[2.504s] colcon.colcon_core.environment Level 1 checking '/home/ubuntu/lhj_behavior_stage/install/lidar/lib/pkgconfig/lidar.pc'
[2.505s] colcon.colcon_core.environment Level 1 checking '/home/ubuntu/lhj_behavior_stage/install/lidar/lib/python3.10/site-packages'
[2.505s] colcon.colcon_core.environment Level 1 checking '/home/ubuntu/lhj_behavior_stage/install/lidar/bin'
[2.506s] colcon.colcon_core.shell INFO Creating package script '/home/ubuntu/lhj_behavior_stage/install/lidar/share/lidar/package.ps1'
[2.507s] colcon.colcon_core.shell INFO Creating package descriptor '/home/ubuntu/lhj_behavior_stage/install/lidar/share/lidar/package.dsv'
[2.508s] colcon.colcon_core.shell INFO Creating package script '/home/ubuntu/lhj_behavior_stage/install/lidar/share/lidar/package.sh'
[2.508s] colcon.colcon_core.shell INFO Creating package script '/home/ubuntu/lhj_behavior_stage/install/lidar/share/lidar/package.bash'
[2.509s] colcon.colcon_core.shell INFO Creating package script '/home/ubuntu/lhj_behavior_stage/install/lidar/share/lidar/package.zsh'
[2.510s] colcon.colcon_core.environment Level 1 create_file_with_runtime_dependencies(/home/ubuntu/lhj_behavior_stage/install/lidar/share/colcon-core/packages/lidar)
[2.510s] colcon.colcon_core.environment Level 1 create_environment_scripts_only(planning_pkg_2025)
[2.511s] colcon.colcon_core.environment Level 1 checking '/home/ubuntu/lhj_behavior_stage/install/planning_pkg_2025' for CMake module files
[2.512s] colcon.colcon_core.event_handler.log_command DEBUG Invoked command in '/home/ubuntu/lhj_behavior_stage/build/planning_pkg_2025' returned '0': CMAKE_PREFIX_PATH=${CMAKE_PREFIX_PATH}:/home/ubuntu/robot_ws/install/vla_data_collector:/home/ubuntu/robot_ws/install/openvla_doosan_runtime_async:/home/ubuntu/robot_ws/install/openvla_doosan_runtime:/home/ubuntu/robot_ws/install/dsr_visualservoing:/home/ubuntu/robot_ws/install/dsr_tests:/home/ubuntu/robot_ws/install/dsr_bringup2:/home/ubuntu/robot_ws/install/dsr_example:/opt/ros/humble CONDA_PROMPT_MODIFIER=(base) /usr/bin/cmake --install /home/ubuntu/lhj_behavior_stage/build/planning_pkg_2025
[2.512s] colcon.colcon_core.environment Level 1 checking '/home/ubuntu/lhj_behavior_stage/install/planning_pkg_2025' for CMake config files
[2.513s] colcon.colcon_core.shell Level 1 create_environment_hook('planning_pkg_2025', 'cmake_prefix_path')
[2.514s] colcon.colcon_core.shell INFO Creating environment hook '/home/ubuntu/lhj_behavior_stage/install/planning_pkg_2025/share/planning_pkg_2025/hook/cmake_prefix_path.ps1'
[2.514s] colcon.colcon_core.shell INFO Creating environment descriptor '/home/ubuntu/lhj_behavior_stage/install/planning_pkg_2025/share/planning_pkg_2025/hook/cmake_prefix_path.dsv'
[2.515s] colcon.colcon_core.shell INFO Creating environment hook '/home/ubuntu/lhj_behavior_stage/install/planning_pkg_2025/share/planning_pkg_2025/hook/cmake_prefix_path.sh'
[2.516s] colcon.colcon_core.environment Level 1 checking '/home/ubuntu/lhj_behavior_stage/install/planning_pkg_2025/lib'
[2.516s] colcon.colcon_core.environment Level 1 checking '/home/ubuntu/lhj_behavior_stage/install/planning_pkg_2025/bin'
[2.516s] colcon.colcon_core.environment Level 1 checking '/home/ubuntu/lhj_behavior_stage/install/planning_pkg_2025/lib/pkgconfig/planning_pkg_2025.pc'
[2.516s] colcon.colcon_core.environment Level 1 checking '/home/ubuntu/lhj_behavior_stage/install/planning_pkg_2025/lib/python3.10/site-packages'
[2.517s] colcon.colcon_core.environment Level 1 checking '/home/ubuntu/lhj_behavior_stage/install/planning_pkg_2025/bin'
[2.517s] colcon.colcon_core.shell INFO Creating package script '/home/ubuntu/lhj_behavior_stage/install/planning_pkg_2025/share/planning_pkg_2025/package.ps1'
[2.517s] colcon.colcon_core.shell INFO Creating package descriptor '/home/ubuntu/lhj_behavior_stage/install/planning_pkg_2025/share/planning_pkg_2025/package.dsv'
[2.518s] colcon.colcon_core.shell INFO Creating package script '/home/ubuntu/lhj_behavior_stage/install/planning_pkg_2025/share/planning_pkg_2025/package.sh'
[2.518s] colcon.colcon_core.shell INFO Creating package script '/home/ubuntu/lhj_behavior_stage/install/planning_pkg_2025/share/planning_pkg_2025/package.bash'
[2.519s] colcon.colcon_core.shell INFO Creating package script '/home/ubuntu/lhj_behavior_stage/install/planning_pkg_2025/share/planning_pkg_2025/package.zsh'
[2.519s] colcon.colcon_core.environment Level 1 create_file_with_runtime_dependencies(/home/ubuntu/lhj_behavior_stage/install/planning_pkg_2025/share/colcon-core/packages/planning_pkg_2025)
[2.519s] colcon.colcon_core.environment Level 1 create_environment_scripts_only(planning_pkg_2025)
[2.520s] colcon.colcon_core.environment Level 1 checking '/home/ubuntu/lhj_behavior_stage/install/planning_pkg_2025' for CMake module files
[2.520s] colcon.colcon_core.environment Level 1 checking '/home/ubuntu/lhj_behavior_stage/install/planning_pkg_2025' for CMake config files
[2.521s] colcon.colcon_core.shell Level 1 create_environment_hook('planning_pkg_2025', 'cmake_prefix_path')
[2.521s] colcon.colcon_core.shell INFO Creating environment hook '/home/ubuntu/lhj_behavior_stage/install/planning_pkg_2025/share/planning_pkg_2025/hook/cmake_prefix_path.ps1'
[2.521s] colcon.colcon_core.shell INFO Creating environment descriptor '/home/ubuntu/lhj_behavior_stage/install/planning_pkg_2025/share/planning_pkg_2025/hook/cmake_prefix_path.dsv'
[2.522s] colcon.colcon_core.shell INFO Creating environment hook '/home/ubuntu/lhj_behavior_stage/install/planning_pkg_2025/share/planning_pkg_2025/hook/cmake_prefix_path.sh'
[2.522s] colcon.colcon_core.environment Level 1 checking '/home/ubuntu/lhj_behavior_stage/install/planning_pkg_2025/lib'
[2.522s] colcon.colcon_core.environment Level 1 checking '/home/ubuntu/lhj_behavior_stage/install/planning_pkg_2025/bin'
[2.522s] colcon.colcon_core.environment Level 1 checking '/home/ubuntu/lhj_behavior_stage/install/planning_pkg_2025/lib/pkgconfig/planning_pkg_2025.pc'
[2.522s] colcon.colcon_core.environment Level 1 checking '/home/ubuntu/lhj_behavior_stage/install/planning_pkg_2025/lib/python3.10/site-packages'
[2.523s] colcon.colcon_core.environment Level 1 checking '/home/ubuntu/lhj_behavior_stage/install/planning_pkg_2025/bin'
[2.523s] colcon.colcon_core.shell INFO Creating package script '/home/ubuntu/lhj_behavior_stage/install/planning_pkg_2025/share/planning_pkg_2025/package.ps1'
[2.524s] colcon.colcon_core.shell INFO Creating package descriptor '/home/ubuntu/lhj_behavior_stage/install/planning_pkg_2025/share/planning_pkg_2025/package.dsv'
[2.524s] colcon.colcon_core.shell INFO Creating package script '/home/ubuntu/lhj_behavior_stage/install/planning_pkg_2025/share/planning_pkg_2025/package.sh'
[2.524s] colcon.colcon_core.shell INFO Creating package script '/home/ubuntu/lhj_behavior_stage/install/planning_pkg_2025/share/planning_pkg_2025/package.bash'
[2.525s] colcon.colcon_core.shell INFO Creating package script '/home/ubuntu/lhj_behavior_stage/install/planning_pkg_2025/share/planning_pkg_2025/package.zsh'
[2.525s] colcon.colcon_core.environment Level 1 create_file_with_runtime_dependencies(/home/ubuntu/lhj_behavior_stage/install/planning_pkg_2025/share/colcon-core/packages/planning_pkg_2025)
[2.973s] colcon.colcon_core.event_handler.log_command DEBUG Invoking command in '/home/ubuntu/lhj_behavior_stage/build/traffic_sign_perception': CONDA_PROMPT_MODIFIER=(base) PYTHONPATH=/home/ubuntu/lhj_behavior_stage/build/traffic_sign_perception/prefix_override:/usr/lib/python3/dist-packages/colcon_core/task/python/colcon_distutils_commands:/home/ubuntu/lhj_behavior_stage/install/traffic_sign_perception/lib/python3.10/site-packages:${PYTHONPATH} /usr/bin/python3 -W ignore:setup.py install is deprecated -W ignore:easy_install command is deprecated setup.py develop --editable --build-directory /home/ubuntu/lhj_behavior_stage/build/traffic_sign_perception/build --no-deps symlink_data
[2.997s] colcon.colcon_core.event_handler.log_command DEBUG Invoking command in '/home/ubuntu/lhj_behavior_stage/build/erp_ros2_bridge': CONDA_PROMPT_MODIFIER=(base) PYTHONPATH=/home/ubuntu/lhj_behavior_stage/build/erp_ros2_bridge/prefix_override:/usr/lib/python3/dist-packages/colcon_core/task/python/colcon_distutils_commands:/home/ubuntu/lhj_behavior_stage/install/erp_ros2_bridge/lib/python3.10/site-packages:${PYTHONPATH} /usr/bin/python3 -W ignore:setup.py install is deprecated -W ignore:easy_install command is deprecated setup.py develop --editable --build-directory /home/ubuntu/lhj_behavior_stage/build/erp_ros2_bridge/build --no-deps symlink_data
[3.032s] colcon.colcon_core.event_handler.log_command DEBUG Invoking command in '/home/ubuntu/lhj_behavior_stage/build/local_pkg1': CONDA_PROMPT_MODIFIER=(base) PYTHONPATH=/home/ubuntu/lhj_behavior_stage/build/local_pkg1/prefix_override:/usr/lib/python3/dist-packages/colcon_core/task/python/colcon_distutils_commands:/home/ubuntu/lhj_behavior_stage/install/local_pkg1/lib/python3.10/site-packages:${PYTHONPATH} /usr/bin/python3 -W ignore:setup.py install is deprecated -W ignore:easy_install command is deprecated setup.py develop --editable --build-directory /home/ubuntu/lhj_behavior_stage/build/local_pkg1/build --no-deps symlink_data
[3.058s] colcon.colcon_core.event_handler.log_command DEBUG Invoking command in '/home/ubuntu/lhj_behavior_stage/build/erp42pro_interface': CONDA_PROMPT_MODIFIER=(base) PYTHONPATH=/home/ubuntu/lhj_behavior_stage/build/erp42pro_interface/prefix_override:/usr/lib/python3/dist-packages/colcon_core/task/python/colcon_distutils_commands:/home/ubuntu/lhj_behavior_stage/install/erp42pro_interface/lib/python3.10/site-packages:${PYTHONPATH} /usr/bin/python3 -W ignore:setup.py install is deprecated -W ignore:easy_install command is deprecated setup.py develop --editable --build-directory /home/ubuntu/lhj_behavior_stage/build/erp42pro_interface/build --no-deps symlink_data
[3.073s] colcon.colcon_core.event_handler.log_command DEBUG Invoking command in '/home/ubuntu/lhj_behavior_stage/build/wit_ros2_imu': CONDA_PROMPT_MODIFIER=(base) PYTHONPATH=/home/ubuntu/lhj_behavior_stage/build/wit_ros2_imu/prefix_override:/usr/lib/python3/dist-packages/colcon_core/task/python/colcon_distutils_commands:/home/ubuntu/lhj_behavior_stage/install/wit_ros2_imu/lib/python3.10/site-packages:${PYTHONPATH} /usr/bin/python3 -W ignore:setup.py install is deprecated -W ignore:easy_install command is deprecated setup.py develop --editable --build-directory /home/ubuntu/lhj_behavior_stage/build/wit_ros2_imu/build --no-deps symlink_data
[3.075s] colcon.colcon_core.event_handler.log_command DEBUG Invoking command in '/home/ubuntu/lhj_behavior_stage/build/nmea_navsat_driver': CONDA_PROMPT_MODIFIER=(base) PYTHONPATH=/home/ubuntu/lhj_behavior_stage/build/nmea_navsat_driver/prefix_override:/usr/lib/python3/dist-packages/colcon_core/task/python/colcon_distutils_commands:/home/ubuntu/lhj_behavior_stage/install/nmea_navsat_driver/lib/python3.10/site-packages:${PYTHONPATH} /usr/bin/python3 -W ignore:setup.py install is deprecated -W ignore:easy_install command is deprecated setup.py develop --editable --build-directory /home/ubuntu/lhj_behavior_stage/build/nmea_navsat_driver/build --no-deps symlink_data
[3.662s] colcon.colcon_core.shell Level 1 create_environment_hook('traffic_sign_perception', 'pythonpath_develop')
[3.663s] colcon.colcon_core.shell INFO Creating environment hook '/home/ubuntu/lhj_behavior_stage/build/traffic_sign_perception/share/traffic_sign_perception/hook/pythonpath_develop.ps1'
[3.664s] colcon.colcon_core.event_handler.log_command DEBUG Invoked command in '/home/ubuntu/lhj_behavior_stage/build/traffic_sign_perception' returned '0': CONDA_PROMPT_MODIFIER=(base) PYTHONPATH=/home/ubuntu/lhj_behavior_stage/build/traffic_sign_perception/prefix_override:/usr/lib/python3/dist-packages/colcon_core/task/python/colcon_distutils_commands:/home/ubuntu/lhj_behavior_stage/install/traffic_sign_perception/lib/python3.10/site-packages:${PYTHONPATH} /usr/bin/python3 -W ignore:setup.py install is deprecated -W ignore:easy_install command is deprecated setup.py develop --editable --build-directory /home/ubuntu/lhj_behavior_stage/build/traffic_sign_perception/build --no-deps symlink_data
[3.664s] colcon.colcon_core.shell INFO Creating environment descriptor '/home/ubuntu/lhj_behavior_stage/build/traffic_sign_perception/share/traffic_sign_perception/hook/pythonpath_develop.dsv'
[3.664s] colcon.colcon_core.shell INFO Creating environment hook '/home/ubuntu/lhj_behavior_stage/build/traffic_sign_perception/share/traffic_sign_perception/hook/pythonpath_develop.sh'
[3.665s] colcon.colcon_core.environment Level 1 checking '/home/ubuntu/lhj_behavior_stage/install/traffic_sign_perception' for CMake module files
[3.665s] colcon.colcon_core.environment Level 1 checking '/home/ubuntu/lhj_behavior_stage/install/traffic_sign_perception' for CMake config files
[3.666s] colcon.colcon_core.environment Level 1 checking '/home/ubuntu/lhj_behavior_stage/install/traffic_sign_perception/lib'
[3.666s] colcon.colcon_core.environment Level 1 checking '/home/ubuntu/lhj_behavior_stage/install/traffic_sign_perception/bin'
[3.666s] colcon.colcon_core.environment Level 1 checking '/home/ubuntu/lhj_behavior_stage/install/traffic_sign_perception/lib/pkgconfig/traffic_sign_perception.pc'
[3.666s] colcon.colcon_core.environment Level 1 checking '/home/ubuntu/lhj_behavior_stage/install/traffic_sign_perception/lib/python3.10/site-packages'
[3.666s] colcon.colcon_core.shell Level 1 create_environment_hook('traffic_sign_perception', 'pythonpath')
[3.666s] colcon.colcon_core.shell INFO Creating environment hook '/home/ubuntu/lhj_behavior_stage/install/traffic_sign_perception/share/traffic_sign_perception/hook/pythonpath.ps1'
[3.667s] colcon.colcon_core.shell INFO Creating environment descriptor '/home/ubuntu/lhj_behavior_stage/install/traffic_sign_perception/share/traffic_sign_perception/hook/pythonpath.dsv'
[3.668s] colcon.colcon_core.shell INFO Creating environment hook '/home/ubuntu/lhj_behavior_stage/install/traffic_sign_perception/share/traffic_sign_perception/hook/pythonpath.sh'
[3.668s] colcon.colcon_core.environment Level 1 checking '/home/ubuntu/lhj_behavior_stage/install/traffic_sign_perception/bin'
[3.668s] colcon.colcon_core.environment Level 1 create_environment_scripts_only(traffic_sign_perception)
[3.669s] colcon.colcon_core.shell INFO Creating package script '/home/ubuntu/lhj_behavior_stage/install/traffic_sign_perception/share/traffic_sign_perception/package.ps1'
[3.669s] colcon.colcon_core.shell INFO Creating package descriptor '/home/ubuntu/lhj_behavior_stage/install/traffic_sign_perception/share/traffic_sign_perception/package.dsv'
[3.670s] colcon.colcon_core.shell INFO Creating package script '/home/ubuntu/lhj_behavior_stage/install/traffic_sign_perception/share/traffic_sign_perception/package.sh'
[3.670s] colcon.colcon_core.shell INFO Creating package script '/home/ubuntu/lhj_behavior_stage/install/traffic_sign_perception/share/traffic_sign_perception/package.bash'
[3.671s] colcon.colcon_core.shell INFO Creating package script '/home/ubuntu/lhj_behavior_stage/install/traffic_sign_perception/share/traffic_sign_perception/package.zsh'
[3.671s] colcon.colcon_core.environment Level 1 create_file_with_runtime_dependencies(/home/ubuntu/lhj_behavior_stage/install/traffic_sign_perception/share/colcon-core/packages/traffic_sign_perception)
[3.701s] colcon.colcon_core.shell Level 1 create_environment_hook('erp_ros2_bridge', 'pythonpath_develop')
[3.702s] colcon.colcon_core.shell INFO Creating environment hook '/home/ubuntu/lhj_behavior_stage/build/erp_ros2_bridge/share/erp_ros2_bridge/hook/pythonpath_develop.ps1'
[3.702s] colcon.colcon_core.event_handler.log_command DEBUG Invoked command in '/home/ubuntu/lhj_behavior_stage/build/erp_ros2_bridge' returned '0': CONDA_PROMPT_MODIFIER=(base) PYTHONPATH=/home/ubuntu/lhj_behavior_stage/build/erp_ros2_bridge/prefix_override:/usr/lib/python3/dist-packages/colcon_core/task/python/colcon_distutils_commands:/home/ubuntu/lhj_behavior_stage/install/erp_ros2_bridge/lib/python3.10/site-packages:${PYTHONPATH} /usr/bin/python3 -W ignore:setup.py install is deprecated -W ignore:easy_install command is deprecated setup.py develop --editable --build-directory /home/ubuntu/lhj_behavior_stage/build/erp_ros2_bridge/build --no-deps symlink_data
[3.703s] colcon.colcon_core.shell INFO Creating environment descriptor '/home/ubuntu/lhj_behavior_stage/build/erp_ros2_bridge/share/erp_ros2_bridge/hook/pythonpath_develop.dsv'
[3.703s] colcon.colcon_core.shell INFO Creating environment hook '/home/ubuntu/lhj_behavior_stage/build/erp_ros2_bridge/share/erp_ros2_bridge/hook/pythonpath_develop.sh'
[3.704s] colcon.colcon_core.environment Level 1 checking '/home/ubuntu/lhj_behavior_stage/install/erp_ros2_bridge' for CMake module files
[3.704s] colcon.colcon_core.environment Level 1 checking '/home/ubuntu/lhj_behavior_stage/install/erp_ros2_bridge' for CMake config files
[3.705s] colcon.colcon_core.environment Level 1 checking '/home/ubuntu/lhj_behavior_stage/install/erp_ros2_bridge/lib'
[3.705s] colcon.colcon_core.environment Level 1 checking '/home/ubuntu/lhj_behavior_stage/install/erp_ros2_bridge/bin'
[3.705s] colcon.colcon_core.environment Level 1 checking '/home/ubuntu/lhj_behavior_stage/install/erp_ros2_bridge/lib/pkgconfig/erp_ros2_bridge.pc'
[3.705s] colcon.colcon_core.environment Level 1 checking '/home/ubuntu/lhj_behavior_stage/install/erp_ros2_bridge/lib/python3.10/site-packages'
[3.705s] colcon.colcon_core.shell Level 1 create_environment_hook('erp_ros2_bridge', 'pythonpath')
[3.706s] colcon.colcon_core.shell INFO Creating environment hook '/home/ubuntu/lhj_behavior_stage/install/erp_ros2_bridge/share/erp_ros2_bridge/hook/pythonpath.ps1'
[3.706s] colcon.colcon_core.shell INFO Creating environment descriptor '/home/ubuntu/lhj_behavior_stage/install/erp_ros2_bridge/share/erp_ros2_bridge/hook/pythonpath.dsv'
[3.706s] colcon.colcon_core.shell INFO Creating environment hook '/home/ubuntu/lhj_behavior_stage/install/erp_ros2_bridge/share/erp_ros2_bridge/hook/pythonpath.sh'
[3.707s] colcon.colcon_core.environment Level 1 checking '/home/ubuntu/lhj_behavior_stage/install/erp_ros2_bridge/bin'
[3.707s] colcon.colcon_core.environment Level 1 create_environment_scripts_only(erp_ros2_bridge)
[3.708s] colcon.colcon_core.shell INFO Creating package script '/home/ubuntu/lhj_behavior_stage/install/erp_ros2_bridge/share/erp_ros2_bridge/package.ps1'
[3.708s] colcon.colcon_core.shell INFO Creating package descriptor '/home/ubuntu/lhj_behavior_stage/install/erp_ros2_bridge/share/erp_ros2_bridge/package.dsv'
[3.709s] colcon.colcon_core.shell INFO Creating package script '/home/ubuntu/lhj_behavior_stage/install/erp_ros2_bridge/share/erp_ros2_bridge/package.sh'
[3.709s] colcon.colcon_core.shell INFO Creating package script '/home/ubuntu/lhj_behavior_stage/install/erp_ros2_bridge/share/erp_ros2_bridge/package.bash'
[3.710s] colcon.colcon_core.shell INFO Creating package script '/home/ubuntu/lhj_behavior_stage/install/erp_ros2_bridge/share/erp_ros2_bridge/package.zsh'
[3.710s] colcon.colcon_core.environment Level 1 create_file_with_runtime_dependencies(/home/ubuntu/lhj_behavior_stage/install/erp_ros2_bridge/share/colcon-core/packages/erp_ros2_bridge)
[3.711s] colcon.colcon_core.shell Level 1 create_environment_hook('local_pkg1', 'pythonpath_develop')
[3.711s] colcon.colcon_core.shell INFO Creating environment hook '/home/ubuntu/lhj_behavior_stage/build/local_pkg1/share/local_pkg1/hook/pythonpath_develop.ps1'
[3.711s] colcon.colcon_core.shell INFO Creating environment descriptor '/home/ubuntu/lhj_behavior_stage/build/local_pkg1/share/local_pkg1/hook/pythonpath_develop.dsv'
[3.712s] colcon.colcon_core.event_handler.log_command DEBUG Invoked command in '/home/ubuntu/lhj_behavior_stage/build/local_pkg1' returned '0': CONDA_PROMPT_MODIFIER=(base) PYTHONPATH=/home/ubuntu/lhj_behavior_stage/build/local_pkg1/prefix_override:/usr/lib/python3/dist-packages/colcon_core/task/python/colcon_distutils_commands:/home/ubuntu/lhj_behavior_stage/install/local_pkg1/lib/python3.10/site-packages:${PYTHONPATH} /usr/bin/python3 -W ignore:setup.py install is deprecated -W ignore:easy_install command is deprecated setup.py develop --editable --build-directory /home/ubuntu/lhj_behavior_stage/build/local_pkg1/build --no-deps symlink_data
[3.712s] colcon.colcon_core.shell INFO Creating environment hook '/home/ubuntu/lhj_behavior_stage/build/local_pkg1/share/local_pkg1/hook/pythonpath_develop.sh'
[3.713s] colcon.colcon_core.environment Level 1 checking '/home/ubuntu/lhj_behavior_stage/install/local_pkg1' for CMake module files
[3.713s] colcon.colcon_core.environment Level 1 checking '/home/ubuntu/lhj_behavior_stage/install/local_pkg1' for CMake config files
[3.714s] colcon.colcon_core.environment Level 1 checking '/home/ubuntu/lhj_behavior_stage/install/local_pkg1/lib'
[3.714s] colcon.colcon_core.environment Level 1 checking '/home/ubuntu/lhj_behavior_stage/install/local_pkg1/bin'
[3.714s] colcon.colcon_core.environment Level 1 checking '/home/ubuntu/lhj_behavior_stage/install/local_pkg1/lib/pkgconfig/local_pkg1.pc'
[3.714s] colcon.colcon_core.environment Level 1 checking '/home/ubuntu/lhj_behavior_stage/install/local_pkg1/lib/python3.10/site-packages'
[3.714s] colcon.colcon_core.shell Level 1 create_environment_hook('local_pkg1', 'pythonpath')
[3.715s] colcon.colcon_core.shell INFO Creating environment hook '/home/ubuntu/lhj_behavior_stage/install/local_pkg1/share/local_pkg1/hook/pythonpath.ps1'
[3.715s] colcon.colcon_core.shell INFO Creating environment descriptor '/home/ubuntu/lhj_behavior_stage/install/local_pkg1/share/local_pkg1/hook/pythonpath.dsv'
[3.715s] colcon.colcon_core.shell INFO Creating environment hook '/home/ubuntu/lhj_behavior_stage/install/local_pkg1/share/local_pkg1/hook/pythonpath.sh'
[3.716s] colcon.colcon_core.environment Level 1 checking '/home/ubuntu/lhj_behavior_stage/install/local_pkg1/bin'
[3.716s] colcon.colcon_core.environment Level 1 create_environment_scripts_only(local_pkg1)
[3.716s] colcon.colcon_core.shell INFO Creating package script '/home/ubuntu/lhj_behavior_stage/install/local_pkg1/share/local_pkg1/package.ps1'
[3.717s] colcon.colcon_core.shell INFO Creating package descriptor '/home/ubuntu/lhj_behavior_stage/install/local_pkg1/share/local_pkg1/package.dsv'
[3.718s] colcon.colcon_core.shell INFO Creating package script '/home/ubuntu/lhj_behavior_stage/install/local_pkg1/share/local_pkg1/package.sh'
[3.718s] colcon.colcon_core.shell INFO Creating package script '/home/ubuntu/lhj_behavior_stage/install/local_pkg1/share/local_pkg1/package.bash'
[3.718s] colcon.colcon_core.shell INFO Creating package script '/home/ubuntu/lhj_behavior_stage/install/local_pkg1/share/local_pkg1/package.zsh'
[3.719s] colcon.colcon_core.environment Level 1 create_file_with_runtime_dependencies(/home/ubuntu/lhj_behavior_stage/install/local_pkg1/share/colcon-core/packages/local_pkg1)
[3.736s] colcon.colcon_core.shell Level 1 create_environment_hook('erp42pro_interface', 'pythonpath_develop')
[3.736s] colcon.colcon_core.shell INFO Creating environment hook '/home/ubuntu/lhj_behavior_stage/build/erp42pro_interface/share/erp42pro_interface/hook/pythonpath_develop.ps1'
[3.737s] colcon.colcon_core.event_handler.log_command DEBUG Invoked command in '/home/ubuntu/lhj_behavior_stage/build/erp42pro_interface' returned '0': CONDA_PROMPT_MODIFIER=(base) PYTHONPATH=/home/ubuntu/lhj_behavior_stage/build/erp42pro_interface/prefix_override:/usr/lib/python3/dist-packages/colcon_core/task/python/colcon_distutils_commands:/home/ubuntu/lhj_behavior_stage/install/erp42pro_interface/lib/python3.10/site-packages:${PYTHONPATH} /usr/bin/python3 -W ignore:setup.py install is deprecated -W ignore:easy_install command is deprecated setup.py develop --editable --build-directory /home/ubuntu/lhj_behavior_stage/build/erp42pro_interface/build --no-deps symlink_data
[3.737s] colcon.colcon_core.shell INFO Creating environment descriptor '/home/ubuntu/lhj_behavior_stage/build/erp42pro_interface/share/erp42pro_interface/hook/pythonpath_develop.dsv'
[3.737s] colcon.colcon_core.shell INFO Creating environment hook '/home/ubuntu/lhj_behavior_stage/build/erp42pro_interface/share/erp42pro_interface/hook/pythonpath_develop.sh'
[3.738s] colcon.colcon_core.environment Level 1 checking '/home/ubuntu/lhj_behavior_stage/install/erp42pro_interface' for CMake module files
[3.738s] colcon.colcon_core.environment Level 1 checking '/home/ubuntu/lhj_behavior_stage/install/erp42pro_interface' for CMake config files
[3.739s] colcon.colcon_core.environment Level 1 checking '/home/ubuntu/lhj_behavior_stage/install/erp42pro_interface/lib'
[3.739s] colcon.colcon_core.environment Level 1 checking '/home/ubuntu/lhj_behavior_stage/install/erp42pro_interface/bin'
[3.739s] colcon.colcon_core.environment Level 1 checking '/home/ubuntu/lhj_behavior_stage/install/erp42pro_interface/lib/pkgconfig/erp42pro_interface.pc'
[3.739s] colcon.colcon_core.environment Level 1 checking '/home/ubuntu/lhj_behavior_stage/install/erp42pro_interface/lib/python3.10/site-packages'
[3.739s] colcon.colcon_core.shell Level 1 create_environment_hook('erp42pro_interface', 'pythonpath')
[3.739s] colcon.colcon_core.shell INFO Creating environment hook '/home/ubuntu/lhj_behavior_stage/install/erp42pro_interface/share/erp42pro_interface/hook/pythonpath.ps1'
[3.740s] colcon.colcon_core.shell INFO Creating environment descriptor '/home/ubuntu/lhj_behavior_stage/install/erp42pro_interface/share/erp42pro_interface/hook/pythonpath.dsv'
[3.740s] colcon.colcon_core.shell INFO Creating environment hook '/home/ubuntu/lhj_behavior_stage/install/erp42pro_interface/share/erp42pro_interface/hook/pythonpath.sh'
[3.741s] colcon.colcon_core.environment Level 1 checking '/home/ubuntu/lhj_behavior_stage/install/erp42pro_interface/bin'
[3.741s] colcon.colcon_core.environment Level 1 create_environment_scripts_only(erp42pro_interface)
[3.741s] colcon.colcon_core.shell INFO Creating package script '/home/ubuntu/lhj_behavior_stage/install/erp42pro_interface/share/erp42pro_interface/package.ps1'
[3.742s] colcon.colcon_core.shell INFO Creating package descriptor '/home/ubuntu/lhj_behavior_stage/install/erp42pro_interface/share/erp42pro_interface/package.dsv'
[3.742s] colcon.colcon_core.shell INFO Creating package script '/home/ubuntu/lhj_behavior_stage/install/erp42pro_interface/share/erp42pro_interface/package.sh'
[3.743s] colcon.colcon_core.shell INFO Creating package script '/home/ubuntu/lhj_behavior_stage/install/erp42pro_interface/share/erp42pro_interface/package.bash'
[3.743s] colcon.colcon_core.shell INFO Creating package script '/home/ubuntu/lhj_behavior_stage/install/erp42pro_interface/share/erp42pro_interface/package.zsh'
[3.743s] colcon.colcon_core.environment Level 1 create_file_with_runtime_dependencies(/home/ubuntu/lhj_behavior_stage/install/erp42pro_interface/share/colcon-core/packages/erp42pro_interface)
[3.744s] colcon.colcon_core.shell Level 1 create_environment_hook('wit_ros2_imu', 'pythonpath_develop')
[3.744s] colcon.colcon_core.shell INFO Creating environment hook '/home/ubuntu/lhj_behavior_stage/build/wit_ros2_imu/share/wit_ros2_imu/hook/pythonpath_develop.ps1'
[3.745s] colcon.colcon_core.shell INFO Creating environment descriptor '/home/ubuntu/lhj_behavior_stage/build/wit_ros2_imu/share/wit_ros2_imu/hook/pythonpath_develop.dsv'
[3.745s] colcon.colcon_core.event_handler.log_command DEBUG Invoked command in '/home/ubuntu/lhj_behavior_stage/build/wit_ros2_imu' returned '0': CONDA_PROMPT_MODIFIER=(base) PYTHONPATH=/home/ubuntu/lhj_behavior_stage/build/wit_ros2_imu/prefix_override:/usr/lib/python3/dist-packages/colcon_core/task/python/colcon_distutils_commands:/home/ubuntu/lhj_behavior_stage/install/wit_ros2_imu/lib/python3.10/site-packages:${PYTHONPATH} /usr/bin/python3 -W ignore:setup.py install is deprecated -W ignore:easy_install command is deprecated setup.py develop --editable --build-directory /home/ubuntu/lhj_behavior_stage/build/wit_ros2_imu/build --no-deps symlink_data
[3.745s] colcon.colcon_core.shell INFO Creating environment hook '/home/ubuntu/lhj_behavior_stage/build/wit_ros2_imu/share/wit_ros2_imu/hook/pythonpath_develop.sh'
[3.746s] colcon.colcon_core.environment Level 1 checking '/home/ubuntu/lhj_behavior_stage/install/wit_ros2_imu' for CMake module files
[3.746s] colcon.colcon_core.environment Level 1 checking '/home/ubuntu/lhj_behavior_stage/install/wit_ros2_imu' for CMake config files
[3.747s] colcon.colcon_core.environment Level 1 checking '/home/ubuntu/lhj_behavior_stage/install/wit_ros2_imu/lib'
[3.747s] colcon.colcon_core.environment Level 1 checking '/home/ubuntu/lhj_behavior_stage/install/wit_ros2_imu/bin'
[3.747s] colcon.colcon_core.environment Level 1 checking '/home/ubuntu/lhj_behavior_stage/install/wit_ros2_imu/lib/pkgconfig/wit_ros2_imu.pc'
[3.747s] colcon.colcon_core.environment Level 1 checking '/home/ubuntu/lhj_behavior_stage/install/wit_ros2_imu/lib/python3.10/site-packages'
[3.747s] colcon.colcon_core.shell Level 1 create_environment_hook('wit_ros2_imu', 'pythonpath')
[3.747s] colcon.colcon_core.shell INFO Creating environment hook '/home/ubuntu/lhj_behavior_stage/install/wit_ros2_imu/share/wit_ros2_imu/hook/pythonpath.ps1'
[3.748s] colcon.colcon_core.shell INFO Creating environment descriptor '/home/ubuntu/lhj_behavior_stage/install/wit_ros2_imu/share/wit_ros2_imu/hook/pythonpath.dsv'
[3.748s] colcon.colcon_core.shell INFO Creating environment hook '/home/ubuntu/lhj_behavior_stage/install/wit_ros2_imu/share/wit_ros2_imu/hook/pythonpath.sh'
[3.749s] colcon.colcon_core.environment Level 1 checking '/home/ubuntu/lhj_behavior_stage/install/wit_ros2_imu/bin'
[3.749s] colcon.colcon_core.environment Level 1 create_environment_scripts_only(wit_ros2_imu)
[3.749s] colcon.colcon_core.shell INFO Creating package script '/home/ubuntu/lhj_behavior_stage/install/wit_ros2_imu/share/wit_ros2_imu/package.ps1'
[3.750s] colcon.colcon_core.shell INFO Creating package descriptor '/home/ubuntu/lhj_behavior_stage/install/wit_ros2_imu/share/wit_ros2_imu/package.dsv'
[3.750s] colcon.colcon_core.shell INFO Creating package script '/home/ubuntu/lhj_behavior_stage/install/wit_ros2_imu/share/wit_ros2_imu/package.sh'
[3.751s] colcon.colcon_core.shell INFO Creating package script '/home/ubuntu/lhj_behavior_stage/install/wit_ros2_imu/share/wit_ros2_imu/package.bash'
[3.751s] colcon.colcon_core.shell INFO Creating package script '/home/ubuntu/lhj_behavior_stage/install/wit_ros2_imu/share/wit_ros2_imu/package.zsh'
[3.751s] colcon.colcon_core.environment Level 1 create_file_with_runtime_dependencies(/home/ubuntu/lhj_behavior_stage/install/wit_ros2_imu/share/colcon-core/packages/wit_ros2_imu)
[3.761s] colcon.colcon_core.shell Level 1 create_environment_hook('nmea_navsat_driver', 'pythonpath_develop')
[3.761s] colcon.colcon_core.shell INFO Creating environment hook '/home/ubuntu/lhj_behavior_stage/build/nmea_navsat_driver/src/share/nmea_navsat_driver/hook/pythonpath_develop.ps1'
[3.762s] colcon.colcon_core.event_handler.log_command DEBUG Invoked command in '/home/ubuntu/lhj_behavior_stage/build/nmea_navsat_driver' returned '0': CONDA_PROMPT_MODIFIER=(base) PYTHONPATH=/home/ubuntu/lhj_behavior_stage/build/nmea_navsat_driver/prefix_override:/usr/lib/python3/dist-packages/colcon_core/task/python/colcon_distutils_commands:/home/ubuntu/lhj_behavior_stage/install/nmea_navsat_driver/lib/python3.10/site-packages:${PYTHONPATH} /usr/bin/python3 -W ignore:setup.py install is deprecated -W ignore:easy_install command is deprecated setup.py develop --editable --build-directory /home/ubuntu/lhj_behavior_stage/build/nmea_navsat_driver/build --no-deps symlink_data
[3.762s] colcon.colcon_core.shell INFO Creating environment descriptor '/home/ubuntu/lhj_behavior_stage/build/nmea_navsat_driver/src/share/nmea_navsat_driver/hook/pythonpath_develop.dsv'
[3.762s] colcon.colcon_core.shell INFO Creating environment hook '/home/ubuntu/lhj_behavior_stage/build/nmea_navsat_driver/src/share/nmea_navsat_driver/hook/pythonpath_develop.sh'
[3.763s] colcon.colcon_core.environment Level 1 checking '/home/ubuntu/lhj_behavior_stage/install/nmea_navsat_driver' for CMake module files
[3.764s] colcon.colcon_core.environment Level 1 checking '/home/ubuntu/lhj_behavior_stage/install/nmea_navsat_driver' for CMake config files
[3.764s] colcon.colcon_core.environment Level 1 checking '/home/ubuntu/lhj_behavior_stage/install/nmea_navsat_driver/lib'
[3.764s] colcon.colcon_core.environment Level 1 checking '/home/ubuntu/lhj_behavior_stage/install/nmea_navsat_driver/bin'
[3.765s] colcon.colcon_core.environment Level 1 checking '/home/ubuntu/lhj_behavior_stage/install/nmea_navsat_driver/lib/pkgconfig/nmea_navsat_driver.pc'
[3.765s] colcon.colcon_core.environment Level 1 checking '/home/ubuntu/lhj_behavior_stage/install/nmea_navsat_driver/lib/python3.10/site-packages'
[3.765s] colcon.colcon_core.shell Level 1 create_environment_hook('nmea_navsat_driver', 'pythonpath')
[3.765s] colcon.colcon_core.shell INFO Creating environment hook '/home/ubuntu/lhj_behavior_stage/install/nmea_navsat_driver/share/nmea_navsat_driver/hook/pythonpath.ps1'
[3.766s] colcon.colcon_core.shell INFO Creating environment descriptor '/home/ubuntu/lhj_behavior_stage/install/nmea_navsat_driver/share/nmea_navsat_driver/hook/pythonpath.dsv'
[3.766s] colcon.colcon_core.shell INFO Creating environment hook '/home/ubuntu/lhj_behavior_stage/install/nmea_navsat_driver/share/nmea_navsat_driver/hook/pythonpath.sh'
[3.767s] colcon.colcon_core.environment Level 1 checking '/home/ubuntu/lhj_behavior_stage/install/nmea_navsat_driver/bin'
[3.767s] colcon.colcon_core.environment Level 1 create_environment_scripts_only(nmea_navsat_driver)
[3.767s] colcon.colcon_core.shell INFO Creating package script '/home/ubuntu/lhj_behavior_stage/install/nmea_navsat_driver/share/nmea_navsat_driver/package.ps1'
[3.768s] colcon.colcon_core.shell INFO Creating package descriptor '/home/ubuntu/lhj_behavior_stage/install/nmea_navsat_driver/share/nmea_navsat_driver/package.dsv'
[3.768s] colcon.colcon_core.shell INFO Creating package script '/home/ubuntu/lhj_behavior_stage/install/nmea_navsat_driver/share/nmea_navsat_driver/package.sh'
[3.769s] colcon.colcon_core.shell INFO Creating package script '/home/ubuntu/lhj_behavior_stage/install/nmea_navsat_driver/share/nmea_navsat_driver/package.bash'
[3.769s] colcon.colcon_core.shell INFO Creating package script '/home/ubuntu/lhj_behavior_stage/install/nmea_navsat_driver/share/nmea_navsat_driver/package.zsh'
[3.769s] colcon.colcon_core.environment Level 1 create_file_with_runtime_dependencies(/home/ubuntu/lhj_behavior_stage/install/nmea_navsat_driver/share/colcon-core/packages/nmea_navsat_driver)
[3.770s] colcon.colcon_ros.task.ament_cmake.build INFO Building ROS package in '/home/ubuntu/lhj_behavior_stage/src/behavior_stack_bringup' with build type 'ament_cmake'
[3.770s] colcon.colcon_cmake.task.cmake.build INFO Building CMake package in '/home/ubuntu/lhj_behavior_stage/src/behavior_stack_bringup'
[3.770s] colcon.colcon_core.shell INFO Skip shell extension 'powershell' for command environment: Not usable outside of PowerShell
[3.770s] colcon.colcon_core.shell DEBUG Skip shell extension 'dsv' for command environment
[3.792s] colcon.colcon_core.event_handler.log_command DEBUG Invoking command in '/home/ubuntu/lhj_behavior_stage/build/behavior_stack_bringup': AMENT_PREFIX_PATH=/home/ubuntu/lhj_behavior_stage/install/wit_ros2_imu:/home/ubuntu/lhj_behavior_stage/install/traffic_sign_perception:/home/ubuntu/lhj_behavior_stage/install/planning_pkg_2025:/home/ubuntu/lhj_behavior_stage/install/nmea_navsat_driver:/home/ubuntu/lhj_behavior_stage/install/local_pkg1:/home/ubuntu/lhj_behavior_stage/install/lidar:/home/ubuntu/lhj_behavior_stage/install/kroad_planning_utm_pkg:/home/ubuntu/lhj_behavior_stage/install/erp42pro_interface:/home/ubuntu/lhj_behavior_stage/install/control:${AMENT_PREFIX_PATH} CMAKE_PREFIX_PATH=/home/ubuntu/lhj_behavior_stage/install/planning_pkg_2025:/home/ubuntu/lhj_behavior_stage/install/lidar:/home/ubuntu/lhj_behavior_stage/install/kroad_planning_utm_pkg:/home/ubuntu/lhj_behavior_stage/install/control:/home/ubuntu/robot_ws/install/zed_ros2:/home/ubuntu/robot_ws/install/zed_wrapper:/home/ubuntu/robot_ws/install/zed_debug:/home/ubuntu/robot_ws/install/zed_components:/home/ubuntu/robot_ws/install/dsr_realtime_control:/home/ubuntu/robot_ws/install/dsr_mujoco:/home/ubuntu/robot_ws/install/dsr_controller2:/home/ubuntu/robot_ws/install/dsr_msgs2:/home/ubuntu/robot_ws/install/dsr_moveit_config_p3020:/home/ubuntu/robot_ws/install/dsr_moveit_config_m1509:/home/ubuntu/robot_ws/install/dsr_moveit_config_m1013:/home/ubuntu/robot_ws/install/dsr_moveit_config_m0617:/home/ubuntu/robot_ws/install/dsr_moveit_config_m0609:/home/ubuntu/robot_ws/install/dsr_moveit_config_h2515:/home/ubuntu/robot_ws/install/dsr_moveit_config_h2017:/home/ubuntu/robot_ws/install/dsr_moveit_config_e0509:/home/ubuntu/robot_ws/install/dsr_moveit_config_a0912:/home/ubuntu/robot_ws/install/dsr_moveit_config_a0509:/home/ubuntu/robot_ws/install/dsr_hardware2:/home/ubuntu/robot_ws/install/dsr_gazebo2:/home/ubuntu/robot_ws/install/dsr_description2:/home/ubuntu/robot_ws/install/dsr_common2:/home/ubuntu/robot_ws/install/vla_data_collector:/home/ubuntu/robot_ws/install/openvla_doosan_runtime_async:/home/ubuntu/robot_ws/install/openvla_doosan_runtime:/home/ubuntu/robot_ws/install/dsr_visualservoing:/home/ubuntu/robot_ws/install/dsr_tests:/home/ubuntu/robot_ws/install/dsr_bringup2:/home/ubuntu/robot_ws/install/dsr_example:/opt/ros/humble CONDA_PROMPT_MODIFIER=(base) LD_LIBRARY_PATH=/home/ubuntu/lhj_behavior_stage/install/planning_pkg_2025/lib:${LD_LIBRARY_PATH} PYTHONPATH=/home/ubuntu/lhj_behavior_stage/build/wit_ros2_imu:/home/ubuntu/lhj_behavior_stage/install/wit_ros2_imu/lib/python3.10/site-packages:/home/ubuntu/lhj_behavior_stage/build/traffic_sign_perception:/home/ubuntu/lhj_behavior_stage/install/traffic_sign_perception/lib/python3.10/site-packages:/home/ubuntu/lhj_behavior_stage/build/nmea_navsat_driver/src:/home/ubuntu/lhj_behavior_stage/install/nmea_navsat_driver/lib/python3.10/site-packages:/home/ubuntu/lhj_behavior_stage/build/local_pkg1:/home/ubuntu/lhj_behavior_stage/install/local_pkg1/lib/python3.10/site-packages:/home/ubuntu/lhj_behavior_stage/build/erp42pro_interface:/home/ubuntu/lhj_behavior_stage/install/erp42pro_interface/lib/python3.10/site-packages:${PYTHONPATH} /usr/bin/cmake --build /home/ubuntu/lhj_behavior_stage/build/behavior_stack_bringup -- -j20 -l20
[4.058s] colcon.colcon_core.event_handler.log_command DEBUG Invoked command in '/home/ubuntu/lhj_behavior_stage/build/behavior_stack_bringup' returned '0': AMENT_PREFIX_PATH=/home/ubuntu/lhj_behavior_stage/install/wit_ros2_imu:/home/ubuntu/lhj_behavior_stage/install/traffic_sign_perception:/home/ubuntu/lhj_behavior_stage/install/planning_pkg_2025:/home/ubuntu/lhj_behavior_stage/install/nmea_navsat_driver:/home/ubuntu/lhj_behavior_stage/install/local_pkg1:/home/ubuntu/lhj_behavior_stage/install/lidar:/home/ubuntu/lhj_behavior_stage/install/kroad_planning_utm_pkg:/home/ubuntu/lhj_behavior_stage/install/erp42pro_interface:/home/ubuntu/lhj_behavior_stage/install/control:${AMENT_PREFIX_PATH} CMAKE_PREFIX_PATH=/home/ubuntu/lhj_behavior_stage/install/planning_pkg_2025:/home/ubuntu/lhj_behavior_stage/install/lidar:/home/ubuntu/lhj_behavior_stage/install/kroad_planning_utm_pkg:/home/ubuntu/lhj_behavior_stage/install/control:/home/ubuntu/robot_ws/install/zed_ros2:/home/ubuntu/robot_ws/install/zed_wrapper:/home/ubuntu/robot_ws/install/zed_debug:/home/ubuntu/robot_ws/install/zed_components:/home/ubuntu/robot_ws/install/dsr_realtime_control:/home/ubuntu/robot_ws/install/dsr_mujoco:/home/ubuntu/robot_ws/install/dsr_controller2:/home/ubuntu/robot_ws/install/dsr_msgs2:/home/ubuntu/robot_ws/install/dsr_moveit_config_p3020:/home/ubuntu/robot_ws/install/dsr_moveit_config_m1509:/home/ubuntu/robot_ws/install/dsr_moveit_config_m1013:/home/ubuntu/robot_ws/install/dsr_moveit_config_m0617:/home/ubuntu/robot_ws/install/dsr_moveit_config_m0609:/home/ubuntu/robot_ws/install/dsr_moveit_config_h2515:/home/ubuntu/robot_ws/install/dsr_moveit_config_h2017:/home/ubuntu/robot_ws/install/dsr_moveit_config_e0509:/home/ubuntu/robot_ws/install/dsr_moveit_config_a0912:/home/ubuntu/robot_ws/install/dsr_moveit_config_a0509:/home/ubuntu/robot_ws/install/dsr_hardware2:/home/ubuntu/robot_ws/install/dsr_gazebo2:/home/ubuntu/robot_ws/install/dsr_description2:/home/ubuntu/robot_ws/install/dsr_common2:/home/ubuntu/robot_ws/install/vla_data_collector:/home/ubuntu/robot_ws/install/openvla_doosan_runtime_async:/home/ubuntu/robot_ws/install/openvla_doosan_runtime:/home/ubuntu/robot_ws/install/dsr_visualservoing:/home/ubuntu/robot_ws/install/dsr_tests:/home/ubuntu/robot_ws/install/dsr_bringup2:/home/ubuntu/robot_ws/install/dsr_example:/opt/ros/humble CONDA_PROMPT_MODIFIER=(base) LD_LIBRARY_PATH=/home/ubuntu/lhj_behavior_stage/install/planning_pkg_2025/lib:${LD_LIBRARY_PATH} PYTHONPATH=/home/ubuntu/lhj_behavior_stage/build/wit_ros2_imu:/home/ubuntu/lhj_behavior_stage/install/wit_ros2_imu/lib/python3.10/site-packages:/home/ubuntu/lhj_behavior_stage/build/traffic_sign_perception:/home/ubuntu/lhj_behavior_stage/install/traffic_sign_perception/lib/python3.10/site-packages:/home/ubuntu/lhj_behavior_stage/build/nmea_navsat_driver/src:/home/ubuntu/lhj_behavior_stage/install/nmea_navsat_driver/lib/python3.10/site-packages:/home/ubuntu/lhj_behavior_stage/build/local_pkg1:/home/ubuntu/lhj_behavior_stage/install/local_pkg1/lib/python3.10/site-packages:/home/ubuntu/lhj_behavior_stage/build/erp42pro_interface:/home/ubuntu/lhj_behavior_stage/install/erp42pro_interface/lib/python3.10/site-packages:${PYTHONPATH} /usr/bin/cmake --build /home/ubuntu/lhj_behavior_stage/build/behavior_stack_bringup -- -j20 -l20
[4.059s] colcon.colcon_core.event_handler.log_command DEBUG Invoking command in '/home/ubuntu/lhj_behavior_stage/build/behavior_stack_bringup': AMENT_PREFIX_PATH=/home/ubuntu/lhj_behavior_stage/install/wit_ros2_imu:/home/ubuntu/lhj_behavior_stage/install/traffic_sign_perception:/home/ubuntu/lhj_behavior_stage/install/planning_pkg_2025:/home/ubuntu/lhj_behavior_stage/install/nmea_navsat_driver:/home/ubuntu/lhj_behavior_stage/install/local_pkg1:/home/ubuntu/lhj_behavior_stage/install/lidar:/home/ubuntu/lhj_behavior_stage/install/kroad_planning_utm_pkg:/home/ubuntu/lhj_behavior_stage/install/erp42pro_interface:/home/ubuntu/lhj_behavior_stage/install/control:${AMENT_PREFIX_PATH} CMAKE_PREFIX_PATH=/home/ubuntu/lhj_behavior_stage/install/planning_pkg_2025:/home/ubuntu/lhj_behavior_stage/install/lidar:/home/ubuntu/lhj_behavior_stage/install/kroad_planning_utm_pkg:/home/ubuntu/lhj_behavior_stage/install/control:/home/ubuntu/robot_ws/install/zed_ros2:/home/ubuntu/robot_ws/install/zed_wrapper:/home/ubuntu/robot_ws/install/zed_debug:/home/ubuntu/robot_ws/install/zed_components:/home/ubuntu/robot_ws/install/dsr_realtime_control:/home/ubuntu/robot_ws/install/dsr_mujoco:/home/ubuntu/robot_ws/install/dsr_controller2:/home/ubuntu/robot_ws/install/dsr_msgs2:/home/ubuntu/robot_ws/install/dsr_moveit_config_p3020:/home/ubuntu/robot_ws/install/dsr_moveit_config_m1509:/home/ubuntu/robot_ws/install/dsr_moveit_config_m1013:/home/ubuntu/robot_ws/install/dsr_moveit_config_m0617:/home/ubuntu/robot_ws/install/dsr_moveit_config_m0609:/home/ubuntu/robot_ws/install/dsr_moveit_config_h2515:/home/ubuntu/robot_ws/install/dsr_moveit_config_h2017:/home/ubuntu/robot_ws/install/dsr_moveit_config_e0509:/home/ubuntu/robot_ws/install/dsr_moveit_config_a0912:/home/ubuntu/robot_ws/install/dsr_moveit_config_a0509:/home/ubuntu/robot_ws/install/dsr_hardware2:/home/ubuntu/robot_ws/install/dsr_gazebo2:/home/ubuntu/robot_ws/install/dsr_description2:/home/ubuntu/robot_ws/install/dsr_common2:/home/ubuntu/robot_ws/install/vla_data_collector:/home/ubuntu/robot_ws/install/openvla_doosan_runtime_async:/home/ubuntu/robot_ws/install/openvla_doosan_runtime:/home/ubuntu/robot_ws/install/dsr_visualservoing:/home/ubuntu/robot_ws/install/dsr_tests:/home/ubuntu/robot_ws/install/dsr_bringup2:/home/ubuntu/robot_ws/install/dsr_example:/opt/ros/humble CONDA_PROMPT_MODIFIER=(base) LD_LIBRARY_PATH=/home/ubuntu/lhj_behavior_stage/install/planning_pkg_2025/lib:${LD_LIBRARY_PATH} PYTHONPATH=/home/ubuntu/lhj_behavior_stage/build/wit_ros2_imu:/home/ubuntu/lhj_behavior_stage/install/wit_ros2_imu/lib/python3.10/site-packages:/home/ubuntu/lhj_behavior_stage/build/traffic_sign_perception:/home/ubuntu/lhj_behavior_stage/install/traffic_sign_perception/lib/python3.10/site-packages:/home/ubuntu/lhj_behavior_stage/build/nmea_navsat_driver/src:/home/ubuntu/lhj_behavior_stage/install/nmea_navsat_driver/lib/python3.10/site-packages:/home/ubuntu/lhj_behavior_stage/build/local_pkg1:/home/ubuntu/lhj_behavior_stage/install/local_pkg1/lib/python3.10/site-packages:/home/ubuntu/lhj_behavior_stage/build/erp42pro_interface:/home/ubuntu/lhj_behavior_stage/install/erp42pro_interface/lib/python3.10/site-packages:${PYTHONPATH} /usr/bin/cmake --install /home/ubuntu/lhj_behavior_stage/build/behavior_stack_bringup
[33.774s] colcon.colcon_core.environment Level 1 create_environment_scripts_only(behavior_stack_bringup)
[33.775s] colcon.colcon_core.environment Level 1 checking '/home/ubuntu/lhj_behavior_stage/install/behavior_stack_bringup' for CMake module files
[33.778s] colcon.colcon_core.event_handler.log_command DEBUG Invoked command in '/home/ubuntu/lhj_behavior_stage/build/behavior_stack_bringup' returned '0': AMENT_PREFIX_PATH=/home/ubuntu/lhj_behavior_stage/install/wit_ros2_imu:/home/ubuntu/lhj_behavior_stage/install/traffic_sign_perception:/home/ubuntu/lhj_behavior_stage/install/planning_pkg_2025:/home/ubuntu/lhj_behavior_stage/install/nmea_navsat_driver:/home/ubuntu/lhj_behavior_stage/install/local_pkg1:/home/ubuntu/lhj_behavior_stage/install/lidar:/home/ubuntu/lhj_behavior_stage/install/kroad_planning_utm_pkg:/home/ubuntu/lhj_behavior_stage/install/erp42pro_interface:/home/ubuntu/lhj_behavior_stage/install/control:${AMENT_PREFIX_PATH} CMAKE_PREFIX_PATH=/home/ubuntu/lhj_behavior_stage/install/planning_pkg_2025:/home/ubuntu/lhj_behavior_stage/install/lidar:/home/ubuntu/lhj_behavior_stage/install/kroad_planning_utm_pkg:/home/ubuntu/lhj_behavior_stage/install/control:/home/ubuntu/robot_ws/install/zed_ros2:/home/ubuntu/robot_ws/install/zed_wrapper:/home/ubuntu/robot_ws/install/zed_debug:/home/ubuntu/robot_ws/install/zed_components:/home/ubuntu/robot_ws/install/dsr_realtime_control:/home/ubuntu/robot_ws/install/dsr_mujoco:/home/ubuntu/robot_ws/install/dsr_controller2:/home/ubuntu/robot_ws/install/dsr_msgs2:/home/ubuntu/robot_ws/install/dsr_moveit_config_p3020:/home/ubuntu/robot_ws/install/dsr_moveit_config_m1509:/home/ubuntu/robot_ws/install/dsr_moveit_config_m1013:/home/ubuntu/robot_ws/install/dsr_moveit_config_m0617:/home/ubuntu/robot_ws/install/dsr_moveit_config_m0609:/home/ubuntu/robot_ws/install/dsr_moveit_config_h2515:/home/ubuntu/robot_ws/install/dsr_moveit_config_h2017:/home/ubuntu/robot_ws/install/dsr_moveit_config_e0509:/home/ubuntu/robot_ws/install/dsr_moveit_config_a0912:/home/ubuntu/robot_ws/install/dsr_moveit_config_a0509:/home/ubuntu/robot_ws/install/dsr_hardware2:/home/ubuntu/robot_ws/install/dsr_gazebo2:/home/ubuntu/robot_ws/install/dsr_description2:/home/ubuntu/robot_ws/install/dsr_common2:/home/ubuntu/robot_ws/install/vla_data_collector:/home/ubuntu/robot_ws/install/openvla_doosan_runtime_async:/home/ubuntu/robot_ws/install/openvla_doosan_runtime:/home/ubuntu/robot_ws/install/dsr_visualservoing:/home/ubuntu/robot_ws/install/dsr_tests:/home/ubuntu/robot_ws/install/dsr_bringup2:/home/ubuntu/robot_ws/install/dsr_example:/opt/ros/humble CONDA_PROMPT_MODIFIER=(base) LD_LIBRARY_PATH=/home/ubuntu/lhj_behavior_stage/install/planning_pkg_2025/lib:${LD_LIBRARY_PATH} PYTHONPATH=/home/ubuntu/lhj_behavior_stage/build/wit_ros2_imu:/home/ubuntu/lhj_behavior_stage/install/wit_ros2_imu/lib/python3.10/site-packages:/home/ubuntu/lhj_behavior_stage/build/traffic_sign_perception:/home/ubuntu/lhj_behavior_stage/install/traffic_sign_perception/lib/python3.10/site-packages:/home/ubuntu/lhj_behavior_stage/build/nmea_navsat_driver/src:/home/ubuntu/lhj_behavior_stage/install/nmea_navsat_driver/lib/python3.10/site-packages:/home/ubuntu/lhj_behavior_stage/build/local_pkg1:/home/ubuntu/lhj_behavior_stage/install/local_pkg1/lib/python3.10/site-packages:/home/ubuntu/lhj_behavior_stage/build/erp42pro_interface:/home/ubuntu/lhj_behavior_stage/install/erp42pro_interface/lib/python3.10/site-packages:${PYTHONPATH} /usr/bin/cmake --install /home/ubuntu/lhj_behavior_stage/build/behavior_stack_bringup
[33.779s] colcon.colcon_core.environment Level 1 checking '/home/ubuntu/lhj_behavior_stage/install/behavior_stack_bringup' for CMake config files
[33.781s] colcon.colcon_core.shell Level 1 create_environment_hook('behavior_stack_bringup', 'cmake_prefix_path')
[33.782s] colcon.colcon_core.shell INFO Creating environment hook '/home/ubuntu/lhj_behavior_stage/install/behavior_stack_bringup/share/behavior_stack_bringup/hook/cmake_prefix_path.ps1'
[33.783s] colcon.colcon_core.shell INFO Creating environment descriptor '/home/ubuntu/lhj_behavior_stage/install/behavior_stack_bringup/share/behavior_stack_bringup/hook/cmake_prefix_path.dsv'
[33.783s] colcon.colcon_core.shell INFO Creating environment hook '/home/ubuntu/lhj_behavior_stage/install/behavior_stack_bringup/share/behavior_stack_bringup/hook/cmake_prefix_path.sh'
[33.784s] colcon.colcon_core.environment Level 1 checking '/home/ubuntu/lhj_behavior_stage/install/behavior_stack_bringup/lib'
[33.784s] colcon.colcon_core.environment Level 1 checking '/home/ubuntu/lhj_behavior_stage/install/behavior_stack_bringup/bin'
[33.784s] colcon.colcon_core.environment Level 1 checking '/home/ubuntu/lhj_behavior_stage/install/behavior_stack_bringup/lib/pkgconfig/behavior_stack_bringup.pc'
[33.784s] colcon.colcon_core.environment Level 1 checking '/home/ubuntu/lhj_behavior_stage/install/behavior_stack_bringup/lib/python3.10/site-packages'
[33.784s] colcon.colcon_core.environment Level 1 checking '/home/ubuntu/lhj_behavior_stage/install/behavior_stack_bringup/bin'
[33.785s] colcon.colcon_core.shell INFO Creating package script '/home/ubuntu/lhj_behavior_stage/install/behavior_stack_bringup/share/behavior_stack_bringup/package.ps1'
[33.785s] colcon.colcon_core.shell INFO Creating package descriptor '/home/ubuntu/lhj_behavior_stage/install/behavior_stack_bringup/share/behavior_stack_bringup/package.dsv'
[33.785s] colcon.colcon_core.shell INFO Creating package script '/home/ubuntu/lhj_behavior_stage/install/behavior_stack_bringup/share/behavior_stack_bringup/package.sh'
[33.786s] colcon.colcon_core.shell INFO Creating package script '/home/ubuntu/lhj_behavior_stage/install/behavior_stack_bringup/share/behavior_stack_bringup/package.bash'
[33.786s] colcon.colcon_core.shell INFO Creating package script '/home/ubuntu/lhj_behavior_stage/install/behavior_stack_bringup/share/behavior_stack_bringup/package.zsh'
[33.786s] colcon.colcon_core.environment Level 1 create_file_with_runtime_dependencies(/home/ubuntu/lhj_behavior_stage/install/behavior_stack_bringup/share/colcon-core/packages/behavior_stack_bringup)
[33.787s] colcon.colcon_core.environment Level 1 create_environment_scripts_only(behavior_stack_bringup)
[33.787s] colcon.colcon_core.environment Level 1 checking '/home/ubuntu/lhj_behavior_stage/install/behavior_stack_bringup' for CMake module files
[33.787s] colcon.colcon_core.environment Level 1 checking '/home/ubuntu/lhj_behavior_stage/install/behavior_stack_bringup' for CMake config files
[33.787s] colcon.colcon_core.shell Level 1 create_environment_hook('behavior_stack_bringup', 'cmake_prefix_path')
[33.788s] colcon.colcon_core.shell INFO Creating environment hook '/home/ubuntu/lhj_behavior_stage/install/behavior_stack_bringup/share/behavior_stack_bringup/hook/cmake_prefix_path.ps1'
[33.788s] colcon.colcon_core.shell INFO Creating environment descriptor '/home/ubuntu/lhj_behavior_stage/install/behavior_stack_bringup/share/behavior_stack_bringup/hook/cmake_prefix_path.dsv'
[33.788s] colcon.colcon_core.shell INFO Creating environment hook '/home/ubuntu/lhj_behavior_stage/install/behavior_stack_bringup/share/behavior_stack_bringup/hook/cmake_prefix_path.sh'
[33.788s] colcon.colcon_core.environment Level 1 checking '/home/ubuntu/lhj_behavior_stage/install/behavior_stack_bringup/lib'
[33.788s] colcon.colcon_core.environment Level 1 checking '/home/ubuntu/lhj_behavior_stage/install/behavior_stack_bringup/bin'
[33.789s] colcon.colcon_core.environment Level 1 checking '/home/ubuntu/lhj_behavior_stage/install/behavior_stack_bringup/lib/pkgconfig/behavior_stack_bringup.pc'
[33.789s] colcon.colcon_core.environment Level 1 checking '/home/ubuntu/lhj_behavior_stage/install/behavior_stack_bringup/lib/python3.10/site-packages'
[33.789s] colcon.colcon_core.environment Level 1 checking '/home/ubuntu/lhj_behavior_stage/install/behavior_stack_bringup/bin'
[33.789s] colcon.colcon_core.shell INFO Creating package script '/home/ubuntu/lhj_behavior_stage/install/behavior_stack_bringup/share/behavior_stack_bringup/package.ps1'
[33.790s] colcon.colcon_core.shell INFO Creating package descriptor '/home/ubuntu/lhj_behavior_stage/install/behavior_stack_bringup/share/behavior_stack_bringup/package.dsv'
[33.790s] colcon.colcon_core.shell INFO Creating package script '/home/ubuntu/lhj_behavior_stage/install/behavior_stack_bringup/share/behavior_stack_bringup/package.sh'
[33.790s] colcon.colcon_core.shell INFO Creating package script '/home/ubuntu/lhj_behavior_stage/install/behavior_stack_bringup/share/behavior_stack_bringup/package.bash'
[33.791s] colcon.colcon_core.shell INFO Creating package script '/home/ubuntu/lhj_behavior_stage/install/behavior_stack_bringup/share/behavior_stack_bringup/package.zsh'
[33.791s] colcon.colcon_core.environment Level 1 create_file_with_runtime_dependencies(/home/ubuntu/lhj_behavior_stage/install/behavior_stack_bringup/share/colcon-core/packages/behavior_stack_bringup)
[33.791s] colcon.colcon_parallel_executor.executor.parallel DEBUG closing loop
[33.791s] colcon.colcon_parallel_executor.executor.parallel DEBUG loop closed
[33.791s] colcon.colcon_parallel_executor.executor.parallel DEBUG run_until_complete finished with '0'
[33.791s] colcon.colcon_core.event_reactor DEBUG joining thread
[33.795s] colcon.colcon_core.plugin_system INFO Skipping extension 'colcon_notification.desktop_notification.terminal_notifier': Not used on non-Darwin systems
[33.796s] colcon.colcon_core.plugin_system INFO Skipping extension 'colcon_notification.desktop_notification.win32': Not used on non-Windows systems
[33.796s] colcon.colcon_notification.desktop_notification INFO Sending desktop notification using 'notify2'
[33.796s] colcon.colcon_notification.desktop_notification.notify2 DEBUG Failed to initialize notify2: org.freedesktop.DBus.Error.AccessDenied: Failed to connect to socket /run/user/1000/bus: Operation not permitted
[33.796s] colcon.colcon_core.event_reactor DEBUG joined thread
[33.796s] colcon.colcon_core.shell INFO Creating prefix script '/home/ubuntu/lhj_behavior_stage/install/local_setup.ps1'
[33.797s] colcon.colcon_core.shell INFO Creating prefix util module '/home/ubuntu/lhj_behavior_stage/install/_local_setup_util_ps1.py'
[33.798s] colcon.colcon_core.shell INFO Creating prefix chain script '/home/ubuntu/lhj_behavior_stage/install/setup.ps1'
[33.799s] colcon.colcon_core.shell INFO Creating prefix script '/home/ubuntu/lhj_behavior_stage/install/local_setup.sh'
[33.799s] colcon.colcon_core.shell INFO Creating prefix util module '/home/ubuntu/lhj_behavior_stage/install/_local_setup_util_sh.py'
[33.800s] colcon.colcon_core.shell INFO Creating prefix chain script '/home/ubuntu/lhj_behavior_stage/install/setup.sh'
[33.801s] colcon.colcon_core.shell INFO Creating prefix script '/home/ubuntu/lhj_behavior_stage/install/local_setup.bash'
[33.802s] colcon.colcon_core.shell INFO Creating prefix chain script '/home/ubuntu/lhj_behavior_stage/install/setup.bash'
[33.803s] colcon.colcon_core.shell INFO Creating prefix script '/home/ubuntu/lhj_behavior_stage/install/local_setup.zsh'
[33.804s] colcon.colcon_core.shell INFO Creating prefix chain script '/home/ubuntu/lhj_behavior_stage/install/setup.zsh'
